# (c) Der Bundeswahlleiter, Wiesbaden 2016
# Ergebnis der Wahl zum 18. Deutschen Bundestag am 22. September 2013 umgerechnet auf die 299 Wahlkreise in der für die Bundestagswahl 2017 festgelegten Abgrenzung;;;;;;;;;;;;;;;;;;;;;;;;;;;;;;;;;;;;;;;;;;;;;;;;;;;;;;;;;;;;;;;;;;;;;
#
Wkr-Nr.;Land;Wahlkreisname;Wahlberechtigte;Wähler;Ungültige;Ungültige;Gültige;Gültige;CDU;CDU;SPD;SPD;FDP;FDP;DIE LINKE;DIE LINKE;GRÜNE;GRÜNE;CSU;CSU;PIRATEN;PIRATEN;NPD;NPD;Tierschutzpartei;Tierschutzpartei;REP;REP;ÖDP;ÖDP;FAMILIE;FAMILIE;Bündnis 21/RRP;Bündnis 21/RRP;RENTNER;RENTNER;BP;BP;PBC;PBC;BüSo;BüSo;DIE VIOLETTEN;DIE VIOLETTEN;MLPD;MLPD;Volksabstimmung;Volksabstimmung;PSG;AfD;AfD;BIG;BIG;pro Deutschland;pro Deutschland;DIE RECHTE;DIE FRAUEN;FREIE WÄHLER;FREIE WÄHLER;Nichtwähler;PARTEI DER VERNUNFT;PARTEI DER VERNUNFT;Die PARTEI;Die PARTEI;Bergpartei;BGD;DKP;NEIN!;WGr/EB
;;;;;Erststimmen;Zweitstimmen;Erststimmen;Zweitstimmen;Erststimmen;Zweitstimmen;Erststimmen;Zweitstimmen;Erststimmen;Zweitstimmen;Erststimmen;Zweitstimmen;Erststimmen;Zweitstimmen;Erststimmen;Zweitstimmen;Erststimmen;Zweitstimmen;Erststimmen;Zweitstimmen;Erststimmen;Zweitstimmen;Erststimmen;Zweitstimmen;Erststimmen;Zweitstimmen;Erststimmen;Zweitstimmen;Erststimmen;Zweitstimmen;Erststimmen;Zweitstimmen;Erststimmen;Zweitstimmen;Erststimmen;Zweitstimmen;Erststimmen;Zweitstimmen;Erststimmen;Zweitstimmen;Erststimmen;Zweitstimmen;Erststimmen;Zweitstimmen;Zweitstimmen;Erststimmen;Zweitstimmen;Erststimmen;Zweitstimmen;Erststimmen;Zweitstimmen;Zweitstimmen;Zweitstimmen;Erststimmen;Zweitstimmen;Zweitstimmen;Erststimmen;Zweitstimmen;Erststimmen;Zweitstimmen;Erststimmen;Erststimmen;Erststimmen;Erststimmen;Erststimmen
1;SH;Flensburg – Schleswig;226944;162749;2223;2113;160526;160636;68235;61347;59718;52396;3039;8065;7436;9084;12491;15734;0;0;3418;3183;955;929;0;1459;0;0;0;0;0;0;0;0;0;790;0;0;0;0;0;0;0;0;0;44;0;0;0;5234;6563;0;0;0;0;0;0;0;1042;0;0;0;0;0;0;0;0;0;0
2;SH;Nordfriesland – Dithmarschen Nord;186177;131527;1648;1483;129879;130044;64678;56383;41714;38590;3172;8321;4653;5733;8465;10547;0;0;2467;2413;757;733;0;969;0;0;0;0;0;0;0;0;0;561;0;0;0;0;0;0;0;0;0;45;0;0;0;3973;4994;0;0;0;0;0;0;0;755;0;0;0;0;0;0;0;0;0;0
3;SH;Steinburg – Dithmarschen Süd;176731;126409;1523;1451;124886;124958;56669;52408;42476;37502;6324;7689;4909;6286;6386;9485;0;0;2674;2709;980;1038;0;930;0;0;0;0;0;0;0;0;0;516;0;0;0;0;0;0;0;0;0;34;0;0;0;4468;5492;0;0;0;0;0;0;0;869;0;0;0;0;0;0;0;0;0;0
4;SH;Rendsburg-Eckernförde;198903;149583;1743;1616;147840;147967;66775;60349;54397;46658;2754;8126;4902;6447;10306;13707;0;0;2756;2620;866;854;0;1290;0;0;0;0;0;0;0;0;0;668;0;0;0;0;0;0;0;0;0;32;0;0;0;5084;6500;0;0;0;0;0;0;0;716;0;0;0;0;0;0;0;0;0;0
5;SH;Kiel;205243;146452;1674;1483;144778;144969;47925;43893;62271;50262;3069;7708;7622;10023;14435;20394;0;0;3575;3946;834;802;0;1201;0;0;0;0;0;0;0;0;920;817;0;0;0;0;0;0;0;0;0;71;0;0;0;4040;5379;0;0;0;0;0;0;0;473;0;0;0;0;0;0;0;0;0;87
6;SH;Plön – Neumünster;174746;127093;1681;1520;125412;125573;54833;48683;47085;41094;2322;6722;4708;5987;7979;11577;0;0;2167;2154;1162;1159;0;1004;0;0;0;0;0;0;0;0;0;535;0;0;0;0;0;0;0;0;0;46;0;0;0;4837;5901;0;0;0;0;0;0;0;711;0;0;0;0;0;0;0;0;0;319
7;SH;Pinneberg;235610;179055;1703;1682;177352;177373;80483;72006;64006;55371;3303;9863;6985;8910;11324;15291;0;0;3225;3370;1260;1319;0;1271;0;0;0;0;0;0;0;0;0;665;0;0;0;0;0;0;0;0;0;42;0;0;0;6766;8479;0;0;0;0;0;0;0;786;0;0;0;0;0;0;0;0;0;0
8;SH;Segeberg – Stormarn-Mitte;244240;183250;1735;1660;181515;181590;82471;74161;63998;54691;3722;10449;7003;9112;11141;15695;0;0;3546;3686;1190;1307;0;1534;0;0;0;0;0;0;0;0;0;746;0;0;0;0;0;0;0;0;0;46;0;0;0;6879;9034;0;0;0;0;0;0;1565;1129;0;0;0;0;0;0;0;0;0;0
9;SH;Ostholstein – Stormarn-Nord;180022;131939;1551;1452;130388;130487;59783;53705;48349;41134;2962;8036;4469;5663;7145;10490;0;0;2060;2111;723;737;0;917;0;0;0;0;0;0;0;0;0;489;0;0;0;0;0;0;0;0;0;25;0;0;0;4897;6471;0;0;0;0;0;0;0;709;0;0;0;0;0;0;0;0;0;0
10;SH;Herzogtum Lauenburg – Stormarn-Süd;241257;182982;1708;1560;181274;181422;81954;73603;62749;53944;3901;10878;6834;8962;12774;16579;0;0;2908;3031;1356;1377;0;1385;0;0;0;0;0;0;0;0;0;634;0;0;0;0;0;0;0;0;0;43;0;0;0;8351;10210;0;0;0;0;0;0;0;776;0;0;0;0;0;0;0;0;0;447
11;SH;Lübeck;181923;124711;1563;1440;123148;123271;44896;42218;50119;42083;2958;5857;6662;7970;9475;13638;0;0;2825;2994;948;974;0;918;0;0;0;0;0;0;0;0;0;422;0;0;0;0;0;0;0;0;0;93;0;0;0;4152;5323;0;0;0;0;0;0;1113;781;0;0;0;0;0;0;0;0;0;0
901;SH;Land;2251796;1645750;18752;17460;1626998;1628290;708702;638756;596882;513725;37526;91714;66183;84177;111921;153137;0;0;31621;32217;11031;11229;0;12878;0;0;0;0;0;0;0;0;920;6843;0;0;0;0;0;0;0;0;0;521;0;0;0;58681;74346;0;0;0;0;0;0;2678;8747;0;0;0;0;0;0;0;0;0;853
12;MV;Schwerin – Ludwigslust-Parchim I – Nordwestmecklenburg I;219903;148470;2505;2133;145965;146337;56912;59028;37832;31543;2253;3298;32373;29838;5194;6526;0;0;3335;2576;4923;3918;0;0;0;70;0;0;0;0;0;0;0;0;0;0;0;0;0;0;0;0;0;164;0;0;0;0;7729;0;0;0;251;0;0;2917;1396;0;0;0;0;0;0;0;0;0;226
13;MV;Ludwigslust-Parchim II – Nordwestmecklenburg II – Landkreis Rostock I;209239;137315;2360;1988;134955;135327;57971;56975;30743;26664;2127;3011;30843;28834;4652;5460;0;0;2969;2131;4249;3469;0;0;0;86;0;0;0;0;0;0;0;0;0;0;0;0;0;0;0;0;0;153;0;0;0;0;7145;0;0;0;291;0;0;1401;1108;0;0;0;0;0;0;0;0;0;0
14;MV;Rostock – Landkreis Rostock II;223885;152820;2669;2046;150151;150774;52661;57188;27498;29010;1606;2911;46160;35792;11216;9874;0;0;3263;3588;3308;2484;0;0;0;106;0;0;0;0;0;0;0;0;0;0;0;0;0;0;0;0;545;292;0;0;0;0;8196;0;0;0;224;0;0;1385;1109;0;0;0;0;0;0;0;0;0;2509
15;MV;Vorpommern-Rügen – Vorpommern-Greifswald I;244880;157402;2467;2426;154935;154976;87142;69683;21688;22630;1227;4067;29847;31930;4728;7372;0;0;3738;3527;3970;3525;0;0;0;126;0;0;0;0;0;0;0;0;0;0;0;0;0;0;0;0;0;161;0;0;0;0;10159;0;0;0;330;0;0;1205;1466;0;0;0;0;0;0;0;0;0;1390
16;MV;Mecklenburgische Seenplatte I – Vorpommern-Greifswald II ;234110;148874;2778;2514;146096;146360;67069;65767;22870;21603;2695;2910;34972;31658;3359;4010;0;0;3825;2629;8525;6755;0;0;0;155;0;0;0;0;0;0;0;0;0;0;0;0;0;0;0;0;0;163;0;0;0;0;8850;0;0;0;337;0;0;2781;1523;0;0;0;0;0;0;0;0;0;0
17;MV;Mecklenburgische Seenplatte II – Landkreis Rostock III;218688;136837;3195;2868;133642;133969;62852;60407;25029;22981;1983;2771;30284;28819;4083;4474;0;0;2653;2112;4243;3584;0;0;0;120;0;0;0;0;0;0;0;0;0;0;0;0;0;0;0;0;491;233;0;0;0;0;6806;0;0;0;260;0;0;2024;1402;0;0;0;0;0;0;0;0;0;0
913;MV;Land;1350705;881718;15974;13975;865744;867743;384607;369048;165660;154431;11891;18968;204479;186871;33232;37716;0;0;19783;16563;29218;23735;0;0;0;663;0;0;0;0;0;0;0;0;0;0;0;0;0;0;0;0;1036;1166;0;0;0;0;48885;0;0;0;1693;0;0;11713;8004;0;0;0;0;0;0;0;0;0;4125
18;HH;Hamburg-Mitte;240554;156683;2306;2114;154377;154569;43120;41422;60537;51971;2640;5940;14821;17071;18529;21043;0;0;5353;5989;1185;1189;0;0;0;0;0;389;0;0;0;0;0;745;0;0;0;0;0;0;0;0;0;87;0;0;0;5135;6707;0;0;0;0;0;0;648;557;0;0;0;1652;1459;0;0;0;0;757
19;HH;Hamburg-Altona;182776;135857;1454;1393;134403;134464;43609;39581;46918;40009;2627;7353;13759;14525;18380;22167;0;0;3005;3630;515;528;0;0;0;0;0;334;0;0;0;0;0;420;0;0;0;0;0;0;0;0;135;123;0;0;0;3094;4321;0;0;0;0;0;0;497;384;0;0;0;1359;1089;0;0;0;0;505
20;HH;Hamburg-Eimsbüttel;189772;143084;1646;1444;141438;141640;47112;43989;53105;44492;3264;7308;9728;12137;18399;22074;0;0;3352;3751;548;551;0;0;0;0;0;293;0;0;0;0;0;525;0;0;0;0;0;0;0;0;0;56;0;0;0;4034;5197;0;0;0;0;0;0;427;397;0;0;0;0;870;0;0;0;0;1469
21;HH;Hamburg-Nord;211824;163950;1666;1512;162284;162438;64459;59244;56421;49039;3921;10242;7626;10615;19343;20357;0;0;3559;3638;610;588;0;0;0;0;0;297;0;0;0;0;0;585;0;0;0;0;0;0;0;0;0;39;0;0;0;5708;6721;0;0;0;0;0;0;637;392;0;0;0;0;681;0;0;0;0;0
22;HH;Hamburg-Wandsbek;235105;158935;2099;1933;156836;157002;57635;54166;62489;54089;3021;7074;10466;12131;10734;14269;0;0;3708;3890;1434;1404;0;0;0;0;0;257;0;0;0;0;0;838;0;0;0;0;0;0;0;0;0;42;0;0;0;6416;7572;0;0;0;0;0;0;789;592;0;0;0;86;678;0;0;0;0;58
23;HH;Hamburg-Bergedorf – Harburg;221887;142704;2089;1988;140615;140716;50044;47525;56867;49302;2234;4952;10595;11817;9088;12916;0;0;3198;3607;1446;1398;0;0;0;0;637;393;0;0;0;0;0;706;0;0;0;0;0;0;0;0;0;76;0;0;0;5448;6624;0;0;0;0;0;0;727;534;0;0;0;0;866;0;0;0;0;331
902;HH;Land;1281918;901213;11260;10384;889953;890829;305979;285927;336337;288902;17707;42869;66995;78296;94473;112826;0;0;22175;24505;5738;5658;0;0;0;0;637;1963;0;0;0;0;0;3819;0;0;0;0;0;0;0;0;135;423;0;0;0;29835;37142;0;0;0;0;0;0;3725;2856;0;0;0;3097;5643;0;0;0;0;3120
24;NI;Aurich – Emden;190987;134256;2217;1724;132039;132532;42737;43026;66348;58080;2085;4323;6373;6588;12627;11028;0;0;0;1900;0;1259;0;1065;0;110;0;0;0;0;0;0;0;0;0;0;0;160;0;0;0;0;0;35;0;0;0;0;4136;0;0;0;109;0;0;1869;713;0;0;0;0;0;0;0;0;0;0
25;NI;Unterems;232784;166959;2096;1645;164863;165314;90236;80616;51409;51079;4288;6537;6426;6771;8441;9506;0;0;0;2218;1656;1339;0;1070;0;91;0;0;0;0;0;0;0;0;0;0;0;281;0;0;0;0;0;24;0;0;0;0;4870;0;0;0;165;0;0;1820;747;0;0;0;0;0;0;0;0;0;587
26;NI;Friesland – Wilhelmshaven – Wittmund;190034;134162;2369;1760;131793;132402;52275;50796;58178;48011;3024;5670;6736;6814;7362;9731;0;0;0;2007;1680;1206;0;1194;0;87;0;0;0;0;0;0;0;0;0;0;0;82;0;0;0;0;0;70;0;0;0;0;5479;0;0;0;149;0;0;2538;1106;0;0;0;0;0;0;0;0;0;0
27;NI;Oldenburg – Ammerland;220409;163543;1748;1402;161795;162141;59525;57067;60547;52856;3966;8210;8794;10523;18552;20170;0;0;2669;2853;1093;1050;0;1308;0;54;0;0;0;0;0;0;0;0;0;0;0;132;0;0;0;0;0;62;0;0;0;5502;6833;0;0;0;100;0;0;1147;923;0;0;0;0;0;0;0;0;0;0
28;NI;Delmenhorst – Wesermarsch – Oldenburg-Land;227719;162698;2059;1911;160639;160787;63832;62620;63256;54848;5263;8035;7273;8814;9784;13059;0;0;2747;2577;1655;1612;0;1390;0;97;0;0;0;0;238;0;0;0;0;0;0;80;0;0;0;0;0;41;0;0;0;5292;6359;0;0;0;183;0;0;1299;1072;0;0;0;0;0;0;0;0;0;0
29;NI;Cuxhaven – Stade II;187640;137151;1490;1184;135661;135967;63431;59699;49395;45534;1872;4924;4904;6241;8326;9592;0;0;2120;1968;1306;1270;0;1074;0;43;0;0;0;0;273;0;0;0;0;0;0;101;0;0;0;0;0;42;0;0;0;4034;4753;0;0;0;140;0;0;0;586;0;0;0;0;0;0;0;0;0;0
30;NI;Stade I – Rotenburg II;194958;145131;1161;947;143970;144184;68545;64472;49111;44598;2505;6023;4878;6021;9099;11209;0;0;1985;2131;1457;1302;0;979;0;54;0;0;0;0;0;0;0;0;0;0;0;119;0;0;0;0;0;17;0;0;0;5632;6531;0;0;0;108;0;0;758;620;0;0;0;0;0;0;0;0;0;0
31;NI;Mittelems;228051;170444;1571;1206;168873;169238;99705;94923;48903;44069;2673;7032;4543;5107;8393;9160;0;0;0;2456;879;790;0;767;0;48;0;0;0;0;0;0;0;0;0;0;0;114;0;0;0;0;0;20;0;0;0;3777;4331;0;0;0;136;0;0;0;285;0;0;0;0;0;0;0;0;0;0
32;NI;Cloppenburg – Vechta;216300;153769;1416;1205;152353;152564;101015;96401;32422;30168;2812;7073;3821;4259;5702;6488;0;0;0;1816;870;877;0;681;0;51;0;0;1022;0;0;0;0;0;0;0;0;250;0;0;0;0;0;21;0;0;0;3238;3576;0;0;0;104;0;0;1451;799;0;0;0;0;0;0;0;0;0;0
33;NI;Diepholz – Nienburg I;193097;142350;1496;1215;140854;141135;66862;61404;47067;44431;2797;6929;4933;6359;10651;11556;0;0;2166;2143;1288;1175;0;1196;0;102;0;0;0;0;0;0;0;0;0;0;0;137;0;0;0;0;0;21;0;0;0;3571;4840;0;0;0;169;0;0;903;673;0;0;0;0;0;0;0;0;0;616
34;NI;Osterholz – Verden;193643;144923;1502;1708;143421;143215;63174;57243;53660;47413;1359;5235;7195;8008;9729;13708;0;0;2516;2655;1289;1321;0;1250;0;90;0;0;0;0;0;0;0;0;0;0;0;190;0;0;0;0;0;58;0;0;0;4499;5487;0;0;0;165;0;0;0;392;0;0;0;0;0;0;0;0;0;0
35;NI;Rotenburg I – Heidekreis;167867;122823;1317;994;121506;121829;54448;53163;49301;38018;2097;4930;4758;5572;6026;10332;0;0;1875;1722;1617;1275;0;1028;0;68;0;0;0;0;0;0;0;0;0;0;0;174;0;0;0;0;0;22;0;0;0;0;4586;0;0;0;143;0;0;1384;796;0;0;0;0;0;0;0;0;0;0
36;NI;Harburg;194856;152819;1416;1219;151403;151600;68458;64905;47908;42915;5110;7382;5472;6641;10754;14078;0;0;2376;2499;1112;1193;0;1366;0;74;0;0;0;0;0;0;0;0;0;0;0;159;0;0;0;0;0;33;0;0;0;8704;9069;0;0;0;141;0;0;1509;1145;0;0;0;0;0;0;0;0;0;0
37;NI;Lüchow-Dannenberg – Lüneburg;179069;133574;1375;1158;132199;132416;52644;48756;44491;38415;2112;5281;7784;9202;15918;18892;0;0;2879;3000;1240;1145;0;1081;0;47;0;0;0;0;0;0;0;0;0;0;206;177;0;0;0;0;0;30;0;0;0;4925;5852;0;0;0;136;0;0;0;402;0;0;0;0;0;0;0;0;0;0
38;NI;Osnabrück-Land;197532;144853;1390;1120;143463;143733;76179;68972;46365;42214;2546;6599;5162;5783;8330;11046;0;0;2526;2188;1135;968;0;801;0;36;0;0;0;0;0;0;0;0;0;0;404;444;0;0;0;0;0;23;0;0;0;0;4060;0;0;0;121;0;0;816;478;0;0;0;0;0;0;0;0;0;0
39;NI;Stadt Osnabrück;194231;142840;1919;1641;140921;141199;64416;60754;49059;43099;3934;5874;5840;7188;12568;15390;0;0;3102;2794;884;652;0;815;0;49;0;0;0;0;0;0;0;0;0;0;290;226;0;0;0;0;0;33;0;0;0;0;3765;0;0;0;88;0;0;828;472;0;0;0;0;0;0;0;0;0;0
40;NI;Nienburg II – Schaumburg;195948;141773;1464;1156;140309;140617;58349;56279;62641;51043;1950;4993;4649;6006;8173;11370;0;0;2693;2108;1854;1216;0;1129;0;112;0;0;0;0;0;0;0;0;0;0;0;211;0;0;0;0;0;41;0;0;0;0;5514;0;0;0;159;0;0;0;436;0;0;0;0;0;0;0;0;0;0
41;NI;Stadt Hannover I;181122;129867;1888;1868;127979;127999;46650;42910;55711;45441;1889;6043;6435;7993;9876;15718;0;0;2434;2434;0;808;0;988;0;122;0;0;0;0;0;0;0;0;0;0;0;137;0;0;0;0;143;78;0;0;0;4051;4654;0;0;0;168;0;0;790;505;0;0;0;0;0;0;0;0;0;0
42;NI;Stadt Hannover II;193157;141215;1871;1925;139344;139290;47180;41684;59686;48292;2050;5983;8657;11129;14229;21559;0;0;2937;3113;803;736;0;1171;0;80;0;0;0;0;0;0;0;0;0;0;0;146;0;0;0;0;0;95;0;0;0;3802;4749;0;0;0;155;0;0;0;398;0;0;0;0;0;0;0;0;0;0
43;NI;Hannover-Land I;232941;176671;1658;1530;175013;175141;77509;72286;67440;57922;4504;8725;6220;7931;8735;14308;0;0;2232;2516;1619;1487;0;1346;0;185;0;0;0;0;0;0;0;0;0;0;0;213;0;0;0;0;0;37;0;0;0;5393;7038;252;0;0;210;0;0;1109;937;0;0;0;0;0;0;0;0;0;0
44;NI;Celle – Uelzen;215285;157058;1562;1361;155496;155697;75369;68568;53237;46931;2091;6478;5655;7085;9563;12071;0;0;0;2673;1677;1511;0;1173;0;149;0;0;0;0;0;0;0;0;0;0;0;183;0;0;0;0;0;27;0;0;0;6591;7722;0;0;0;144;0;0;1313;982;0;0;0;0;0;0;0;0;0;0
45;NI;Gifhorn – Peine;217256;161941;1788;1473;160153;160468;67368;64451;69259;57875;2266;5648;6810;7575;7666;11855;0;0;3063;2833;1937;1524;0;1242;0;134;0;0;0;0;0;0;0;0;0;0;850;616;0;0;0;0;0;46;0;0;0;0;5786;0;0;0;212;0;0;934;671;0;0;0;0;0;0;0;0;0;0
46;NI;Hameln-Pyrmont – Holzminden;191980;137839;2075;1943;135764;135896;53726;50937;57484;49411;2496;5985;6308;7201;8202;11428;0;0;2577;2152;0;1271;0;1031;0;104;0;0;0;0;0;0;0;0;0;0;0;185;0;0;0;0;0;30;0;0;0;4971;5550;0;0;0;150;0;0;0;461;0;0;0;0;0;0;0;0;0;0
47;NI;Hannover-Land II;240409;182963;2067;1672;180896;181291;75761;69644;78433;65169;2567;7228;7350;8669;9422;16212;0;0;3144;2737;2247;1499;0;1429;0;172;0;0;0;0;0;0;0;0;0;0;0;168;0;0;0;0;0;53;0;0;0;0;6958;0;0;0;309;0;0;1972;1044;0;0;0;0;0;0;0;0;0;0
48;NI;Hildesheim;219571;164796;2451;1799;162345;162997;68653;63041;66986;59319;2489;5589;7909;8120;13771;14587;0;0;0;2937;2537;1482;0;1208;0;92;0;0;0;0;0;0;0;0;0;0;0;151;0;0;0;0;0;31;0;0;0;0;5601;0;0;0;384;0;0;0;455;0;0;0;0;0;0;0;0;0;0
49;NI;Salzgitter – Wolfenbüttel;208990;152599;2208;2618;150391;149981;55720;53593;70080;58881;1582;5142;6524;8461;6630;11013;0;0;2119;2228;1940;1796;0;1286;0;208;0;0;0;0;0;0;0;0;0;0;0;167;0;0;0;0;0;39;0;0;0;4548;5938;0;0;0;183;0;0;1248;1046;0;0;0;0;0;0;0;0;0;0
50;NI;Braunschweig;193799;143752;1649;1467;142103;142285;49710;48419;61952;47741;3243;6214;7119;9527;10117;17614;0;0;4012;4169;1032;1038;0;1295;0;97;0;0;0;0;0;0;0;0;0;0;0;128;0;0;0;0;116;100;0;0;0;3894;5092;0;0;0;127;0;0;908;724;0;0;0;0;0;0;0;0;0;0
51;NI;Helmstedt – Wolfsburg;187425;133269;1927;1494;131342;131775;58760;54188;50826;45837;1839;4796;5731;6440;6666;9004;0;0;2972;2460;2599;1840;0;1182;0;44;0;0;0;0;0;0;0;0;0;0;331;254;0;0;0;0;0;38;0;0;0;0;4892;0;0;0;157;0;0;1049;643;0;0;0;0;0;0;0;0;0;569
52;NI;Goslar – Northeim – Osterode;208311;149429;2599;2165;146830;147264;61723;55775;62209;55985;2249;6099;6805;7475;7833;10141;0;0;2373;2141;1967;1493;0;1086;0;93;0;0;0;0;0;0;0;0;0;0;0;134;0;0;0;0;0;33;0;0;0;0;5733;0;0;0;241;0;0;1402;835;0;0;0;0;0;0;0;0;0;269
53;NI;Göttingen;222102;165814;1974;1511;163840;164303;62558;59000;66192;54410;2633;6667;8581;10432;16740;20076;0;0;3219;3173;1730;1280;0;1178;0;93;0;0;0;0;0;0;0;0;0;0;0;145;0;0;0;0;0;67;0;0;0;0;6121;0;0;0;234;0;0;2187;1427;0;0;0;0;0;0;0;0;0;0
903;NI;Land;6117473;4491281;53723;46021;4437558;4445260;1946518;1825592;1699556;1470005;82291;185647;189645;223935;299885;391901;0;0;60736;74601;41103;37415;0;33809;0;2786;0;0;1022;0;511;0;0;0;0;0;2081;5664;0;0;0;0;259;1267;0;0;0;82424;165875;252;0;0;4990;0;0;29234;21773;0;0;0;0;0;0;0;0;0;2041
54;HB;Bremen I;256547;184512;2128;1816;182384;182696;55198;55254;69161;60502;4171;7168;15186;18502;25342;25448;0;0;4849;4756;1403;1400;0;1641;0;0;0;0;0;0;0;119;0;0;0;0;0;0;0;0;0;0;207;87;0;0;0;5336;6263;0;0;0;199;0;0;0;398;0;0;0;1531;959;0;0;0;0;0
55;HB;Bremen II – Bremerhaven;227276;148510;2083;1794;146427;146716;42067;41205;64276;56702;2189;4036;13335;14782;12325;14566;0;0;3982;3699;2393;2240;0;1824;0;0;0;0;0;0;432;276;0;0;0;0;0;0;0;0;0;0;0;69;0;0;0;5428;6044;0;0;0;267;0;0;0;416;0;0;0;0;590;0;0;0;0;0
904;HB;Land;483823;333022;4211;3610;328811;329412;97265;96459;133437;117204;6360;11204;28521;33284;37667;40014;0;0;8831;8455;3796;3640;0;3465;0;0;0;0;0;0;432;395;0;0;0;0;0;0;0;0;0;0;207;156;0;0;0;10764;12307;0;0;0;466;0;0;0;814;0;0;0;1531;1549;0;0;0;0;0
56;BB;Prignitz – Ostprignitz-Ruppin – Havelland I;180670;114988;2406;1897;112582;113091;37520;40787;33293;28483;1454;2526;27179;25496;3123;3925;0;0;2955;2179;3404;2781;0;0;0;143;0;0;0;0;0;0;0;0;0;0;0;0;0;0;0;0;0;95;0;0;0;0;5400;0;0;0;420;0;0;98;856;0;0;0;0;0;0;0;22;0;3534
57;BB;Uckermark – Barnim I;188083;120636;2272;2053;118364;118583;45206;43017;27042;26578;1771;2519;32168;28513;3561;4516;0;0;3007;2425;4042;3125;0;0;0;191;0;0;0;0;0;0;0;0;0;0;0;0;0;0;0;0;0;118;0;0;0;0;6075;0;0;0;393;0;0;1477;1113;0;0;0;0;0;0;0;0;0;90
58;BB;Oberhavel – Havelland II;236545;168983;3454;2683;165529;166300;62537;60586;46164;39392;2473;4965;32085;30178;8241;9558;0;0;5035;3732;5456;3959;0;0;0;288;0;0;0;0;0;0;0;0;0;0;0;0;0;0;0;0;0;157;0;0;0;0;11225;0;0;0;747;0;0;2383;1513;0;0;0;0;0;0;0;284;0;871
59;BB;Märkisch-Oderland – Barnim II;223734;155091;3529;3432;151562;151659;51398;48700;30938;33220;1681;3366;49896;40055;5140;6277;0;0;4037;3528;5136;3753;0;0;0;246;0;0;0;0;0;0;0;0;0;0;0;0;0;0;0;0;0;148;0;0;0;0;9682;0;0;0;785;0;0;2232;1899;0;0;0;0;0;0;0;0;0;1104
60;BB;Brandenburg an der Havel – Potsdam-Mittelmark I – Havelland III – Teltow-Fläming I;187129;121487;2389;2164;119098;119323;39112;40620;39596;31368;1849;2707;28275;27318;2888;4488;0;0;2962;2338;3814;3049;0;0;0;176;0;0;0;0;0;0;0;0;0;0;0;0;0;0;0;0;0;129;0;0;0;0;5778;0;0;0;439;0;0;0;913;0;0;0;0;0;0;0;0;0;602
61;BB;Potsdam – Potsdam-Mittelmark II – Teltow-Fläming II;238626;177548;3004;2257;174544;175291;56236;54471;56428;43710;3036;5642;35443;36805;12655;15939;0;0;5293;4683;3033;1987;0;0;0;199;0;0;0;0;0;0;0;0;0;0;0;0;0;0;0;0;0;262;0;0;0;0;10000;0;0;0;586;0;0;0;1007;0;0;0;0;0;0;0;0;0;2420
62;BB;Dahme-Spreewald – Teltow-Fläming III – Oberspreewald-Lausitz I;246970;174159;3562;3102;170597;171057;63650;59845;46319;38793;2153;4784;36755;36799;6572;7727;0;0;4483;3748;5696;4548;0;0;924;587;0;0;0;0;0;0;0;0;0;0;0;0;0;0;0;0;0;183;0;0;0;0;10887;0;0;0;737;0;0;3670;2419;0;0;0;0;0;0;0;333;0;42
63;BB;Frankfurt (Oder) – Oder-Spree;199341;135293;3167;2463;132126;132830;44822;44301;32291;29631;2252;2922;37008;32862;5192;5266;0;0;4977;2911;5584;4058;0;0;0;258;0;0;0;0;0;0;0;0;0;0;0;0;0;0;0;0;0;198;0;0;0;0;8562;0;0;0;642;0;0;0;1219;0;0;0;0;0;0;0;0;0;0
64;BB;Cottbus – Spree-Neiße;187157;125920;2689;2207;123231;123713;44301;44230;29510;26863;2498;2984;24681;27965;3278;4382;0;0;2889;2615;4929;3897;0;0;0;204;0;0;0;0;0;0;0;0;0;0;0;0;0;0;0;0;0;138;0;0;0;0;8555;0;0;0;525;0;0;0;1355;0;0;0;901;0;0;0;245;0;9999
65;BB;Elbe-Elster – Oberspreewald-Lausitz II;177689;118680;2668;2165;116012;116515;47454;46044;26132;23136;2085;2950;27137;25321;2899;3104;0;0;3834;2626;5608;4421;0;0;0;196;0;0;0;0;0;0;0;0;0;0;0;0;0;0;0;0;0;153;0;0;0;0;6911;0;0;0;531;0;0;0;1122;0;0;0;0;0;0;0;323;0;540
912;BB;Land;2065944;1412785;29140;24423;1383645;1388362;492236;482601;367713;321174;21252;35365;330627;311312;53549;65182;0;0;39472;30785;46702;35578;0;0;924;2488;0;0;0;0;0;0;0;0;0;0;0;0;0;0;0;0;0;1581;0;0;0;0;83075;0;0;0;5805;0;0;9860;13416;0;0;0;901;0;0;0;1207;0;19202
66;ST;Altmark;172378;107895;1857;1678;106038;106217;44686;44655;18616;20196;1489;2278;32164;26180;2998;3542;0;0;2541;1997;2613;2227;0;0;0;0;0;147;0;0;0;0;0;0;0;0;0;0;0;0;0;0;0;141;0;0;0;0;3826;0;0;0;306;0;0;931;722;0;0;0;0;0;0;0;0;0;0
67;ST;Börde – Jerichower Land;228139;141814;2976;2488;138838;139326;61890;60207;32118;27279;3686;3995;29759;30235;3611;4281;0;0;4224;2556;0;2903;0;0;0;0;0;232;0;0;0;0;0;0;0;0;0;0;0;0;0;0;0;170;0;0;0;0;5380;0;0;0;458;0;0;2854;1630;0;0;0;0;0;0;0;0;0;696
68;ST;Harz;224917;132539;2595;2340;129944;130199;59779;56619;24875;24407;1852;2961;29860;29875;4928;4716;0;0;2556;2255;3304;2651;1679;0;0;0;0;293;0;0;0;0;0;0;0;0;0;0;0;0;0;0;0;136;0;0;0;0;4924;0;0;0;433;0;0;1111;929;0;0;0;0;0;0;0;0;0;0
69;ST;Magdeburg;244267;154404;2836;2378;151568;152026;55046;56982;38153;31763;2090;3687;38231;36473;6073;8490;0;0;4153;3654;2786;2272;2758;0;0;0;0;348;0;0;0;0;0;0;0;0;0;0;0;0;0;0;403;280;0;0;0;0;6355;0;0;0;466;0;0;1875;1256;0;0;0;0;0;0;0;0;0;0
70;ST;Dessau – Wittenberg;185954;120805;1836;1758;118969;119047;53048;50633;20545;20354;1489;2892;26015;27136;5196;4703;0;0;2053;2160;2814;2799;0;0;0;0;0;145;0;0;0;0;0;0;0;0;0;0;0;0;0;0;0;120;0;0;0;5575;6050;0;0;0;327;0;0;2234;1728;0;0;0;0;0;0;0;0;0;0
71;ST;Anhalt;236732;140667;2714;2498;137953;138169;56514;57357;21244;23224;2778;3556;39715;35425;2884;3572;0;0;1720;2200;3450;3516;0;0;0;0;0;164;0;0;0;0;0;0;0;0;0;0;0;0;0;0;389;283;0;0;0;6314;6635;0;0;0;389;0;0;2945;1848;0;0;0;0;0;0;0;0;0;0
72;ST;Halle;219667;143332;2185;2042;141147;141290;51206;53265;32957;25259;2958;4418;36006;34449;5286;10185;0;0;2898;3599;1987;2134;0;0;0;0;0;297;0;0;0;0;0;0;0;0;0;0;0;0;0;0;449;317;0;0;0;4768;5879;0;0;0;341;0;0;1307;1147;0;0;0;0;0;0;0;0;0;1325
73;ST;Burgenland – Saalekreis;201043;123809;2170;1962;121639;121847;54544;52194;18791;19850;1879;3374;31300;28933;4760;3732;0;0;2488;2097;4854;3920;0;0;0;0;0;192;0;0;0;0;0;0;0;0;0;0;0;0;0;0;0;151;0;0;0;0;5234;0;0;0;475;0;0;2581;1695;0;0;0;0;0;0;0;0;0;442
74;ST;Mansfeld;217783;132983;2572;2289;130411;130694;54705;53869;23560;22399;2458;3837;35982;33613;3193;3637;0;0;3123;2235;4277;3478;0;0;0;0;0;160;0;0;0;0;0;0;0;0;0;0;0;0;0;0;0;200;0;0;0;0;5378;0;0;0;485;0;0;2232;1403;0;0;0;0;0;0;0;0;0;881
915;ST;Land;1930880;1198248;21741;19433;1176507;1178815;491418;485781;230859;214731;20679;30998;299032;282319;38929;46858;0;0;25756;22753;26085;25900;4437;0;0;0;0;1978;0;0;0;0;0;0;0;0;0;0;0;0;0;0;1241;1798;0;0;0;16657;49661;0;0;0;3680;0;0;18070;12358;0;0;0;0;0;0;0;0;0;3344
75;BE;Berlin-Mitte;204085;141574;2282;2174;139292;139400;33265;31544;39360;36403;2088;5134;23200;26068;25687;23329;0;0;5463;6608;1363;1234;0;0;0;198;0;319;0;0;0;0;0;0;0;0;0;0;217;144;0;0;202;145;0;0;76;4212;5443;479;473;0;292;0;0;239;304;0;0;0;1856;1686;0;0;261;0;1400
76;BE;Berlin-Pankow;235344;175061;2414;2237;172647;172824;41295;40617;36180;38030;1581;4380;48926;43472;25442;24300;0;0;5860;6767;2872;2597;0;0;0;231;0;416;0;0;0;0;0;0;0;0;0;0;322;182;0;0;0;146;0;0;124;7088;8372;0;84;0;457;0;0;861;665;0;0;0;2220;1984;0;0;0;0;0
77;BE;Berlin-Reinickendorf;182934;133484;2603;2428;130881;131056;58845;52545;38593;34571;2605;5708;8508;10394;8790;11427;0;0;3251;3417;2254;1976;0;0;0;310;0;240;0;0;0;0;0;0;0;0;0;0;0;75;0;0;0;44;0;0;50;5852;7906;0;209;0;449;0;0;624;661;0;0;0;865;1074;0;0;0;0;694
78;BE;Berlin-Spandau – Charlottenburg Nord;187363;130485;2722;2639;127763;127846;50071;46757;47790;36932;1788;4856;9199;12146;5942;10542;0;0;4030;3960;2022;1815;0;0;0;310;0;224;0;0;0;0;0;0;0;0;0;0;270;164;0;0;0;85;0;0;55;5543;7458;553;460;0;494;0;0;555;550;0;0;0;0;1038;0;0;0;0;0
79;BE;Berlin-Steglitz-Zehlendorf;220007;175539;2559;2102;172980;173437;73460;64500;50540;44371;4605;11057;9102;12426;20416;23487;0;0;4216;4358;1165;1016;0;0;0;169;0;353;0;0;0;0;0;0;0;0;0;0;281;140;0;0;0;55;0;0;50;7321;9257;0;160;0;331;0;0;598;552;0;0;0;1276;1155;0;0;0;0;0
80;BE;Berlin-Charlottenburg-Wilmersdorf;197797;153420;2086;1755;151334;151665;56079;49285;47619;41058;3801;10347;9368;13446;22176;23324;0;0;3657;3872;754;639;0;0;0;114;0;242;0;0;84;0;0;0;0;0;0;0;181;120;0;0;0;45;0;0;39;5649;7276;227;205;0;220;0;0;478;457;0;0;0;1057;976;0;0;0;0;204
81;BE;Berlin-Tempelhof-Schöneberg;235259;177205;3046;2773;174159;174432;60926;55275;45659;47834;2585;7134;12801;17937;35461;26941;0;0;5233;5526;1789;1588;0;0;0;219;0;342;0;0;0;0;0;0;0;0;0;0;348;221;0;0;0;73;0;0;63;6391;7988;567;473;0;481;0;0;905;759;0;0;0;1494;1578;0;0;0;0;0
82;BE;Berlin-Neukölln;205635;140825;3102;2868;137723;137957;42092;40038;44528;36211;1861;4122;16144;19677;16126;19156;0;0;6094;5654;3094;2627;0;0;0;216;0;255;0;0;0;0;0;0;0;0;0;0;222;126;0;0;208;143;0;0;80;4140;5832;0;617;0;454;0;0;794;689;0;0;0;2420;2060;0;0;0;0;0
83;BE;Berlin-Friedrichshain-Kreuzberg – Prenzlauer Berg Ost;226240;168048;2317;2358;165731;165690;22723;25474;29799;39784;1647;3579;28441;41639;66056;34420;0;0;6317;9612;1291;1140;0;0;0;107;0;426;0;0;0;0;0;0;0;0;0;0;108;86;457;0;0;209;0;0;126;3325;4623;602;594;0;252;0;0;515;477;0;0;0;2666;3142;624;0;0;0;1160
84;BE;Berlin-Treptow-Köpenick;201629;148406;2187;2125;146219;146281;33036;37170;26093;31204;1429;2904;61661;43118;7344;10787;0;0;4205;5176;4039;3795;0;0;0;227;0;328;0;0;0;0;0;0;0;0;0;0;218;199;0;0;208;191;0;0;83;5788;8106;0;88;0;524;0;0;855;894;0;0;0;1343;1487;0;0;0;0;0
85;BE;Berlin-Marzahn-Hellersdorf;203968;132817;2078;2085;130739;130732;33552;33947;22341;25103;938;2278;50866;43026;4071;5068;0;0;3668;3996;5540;5101;0;0;0;243;0;202;0;0;0;0;0;0;0;0;0;0;239;181;0;0;0;111;0;0;102;6347;8319;0;73;1101;1116;0;0;717;752;0;0;0;860;1114;0;0;0;0;499
86;BE;Berlin-Lichtenberg;205457;138551;2259;2150;136292;136401;30988;31491;26636;27886;939;2117;54932;47158;5748;7956;0;0;4917;5072;3858;3486;0;0;0;220;0;265;0;0;0;0;0;0;0;0;0;0;231;172;0;0;0;163;0;0;117;5827;7480;0;73;0;595;0;0;997;771;0;0;0;0;1379;0;0;0;0;1219
911;BE;Land;2505718;1815415;29655;27694;1785760;1787721;536332;508643;455138;439387;25867;63616;333148;330507;243259;220737;0;0;56911;64018;30041;27014;0;0;0;2564;0;3612;0;0;84;0;0;0;0;0;0;0;2637;1810;457;0;618;1410;0;0;965;67483;88060;2428;3509;1101;5665;0;0;8138;7531;0;0;0;16057;18673;624;0;261;0;5176
87;NW;Aachen I;179933;134447;1476;1213;132971;133234;54175;48728;46907;36432;2883;8401;8225;10212;11931;17485;0;0;4541;4669;743;680;0;0;0;116;0;221;0;0;0;40;0;0;0;0;0;0;0;17;0;0;0;25;0;137;14;2961;4149;0;123;0;160;46;0;605;555;149;0;91;0;784;0;0;0;0;0
88;NW;Aachen II;228375;164576;3027;2308;161549;162268;73621;66328;57635;52897;3827;7948;9418;10538;9096;10220;0;0;4543;3712;2153;1697;0;0;1256;792;0;213;0;0;0;77;0;0;0;0;0;0;0;30;0;0;0;26;0;338;30;0;5337;0;111;0;320;55;0;0;551;225;0;104;0;719;0;0;0;0;0
89;NW;Heinsberg;188266;134521;2205;1882;132316;132639;70649;65417;37444;34895;2921;6543;5720;6915;7511;7336;0;0;3310;3019;1718;1427;0;0;0;254;0;145;0;0;0;77;0;0;0;0;0;0;0;29;0;0;0;18;0;231;44;3043;4652;0;60;0;251;26;0;0;437;195;0;112;0;556;0;0;0;0;0
90;NW;Düren;199550;145541;2765;2070;142776;143471;71903;63532;48849;42549;2722;7102;7288;8120;6951;8729;0;0;4867;3478;0;1565;0;0;0;183;0;148;0;0;0;74;0;0;0;0;0;0;0;35;0;0;0;31;0;373;40;0;5732;0;67;0;311;46;0;0;344;238;0;122;0;652;0;0;0;0;196
91;NW;Rhein-Erft-Kreis I;247721;182970;6195;4235;176775;178735;83598;75521;63676;55089;5390;10235;7820;9266;9822;12264;0;0;6469;3865;0;1769;0;0;0;245;0;221;0;0;0;108;0;0;0;0;0;0;0;46;0;0;0;19;0;407;44;0;6660;0;225;0;700;73;0;0;747;313;0;227;0;691;0;0;0;0;0
92;NW;Euskirchen – Rhein-Erft-Kreis II;245268;178218;3940;2747;174278;175471;88759;79055;53703;46982;6101;11611;8166;9075;10066;12544;0;0;4894;3826;2589;1702;0;0;0;191;0;213;0;0;0;94;0;0;0;0;0;0;0;24;0;0;0;35;0;473;33;0;7183;0;96;0;489;20;0;0;576;277;0;210;0;762;0;0;0;0;0
93;NW;Köln I;191277;132837;1445;1235;131392;131602;48232;43863;48632;40759;3243;7235;8583;10709;13513;16056;0;0;3361;3501;1329;1032;0;0;0;168;0;204;0;0;0;80;0;0;0;0;0;0;170;61;0;0;0;73;0;208;31;3885;5367;0;254;0;411;18;0;444;337;241;0;111;0;883;0;0;0;0;0
94;NW;Köln II;233118;184162;1478;1143;182684;183019;73011;64909;59975;48190;4762;14871;9521;12689;26426;28642;0;0;3677;4072;783;596;0;0;0;103;0;328;0;0;0;53;0;0;0;0;0;0;107;38;0;0;0;43;0;213;37;3839;5955;0;132;0;245;10;0;583;403;364;0;96;0;1030;0;0;0;0;0
95;NW;Köln III;201922;141714;1765;1368;139949;140346;45999;42902;55021;44240;3158;6339;10883;12960;18046;20905;0;0;4161;3789;1750;1057;0;0;0;151;0;263;0;0;0;67;0;0;0;0;0;0;203;59;0;0;0;57;0;248;34;0;4513;0;381;0;488;27;0;728;405;293;0;127;0;1041;0;0;0;0;0
96;NW;Bonn;226487;175014;2143;1775;172871;173239;64778;62844;65955;44909;10416;14418;7523;10988;14797;23686;0;0;4113;4418;0;801;0;0;0;92;0;293;0;0;0;47;0;0;0;0;0;0;0;25;0;0;0;42;0;197;21;4382;7389;0;955;0;358;19;0;0;309;217;0;132;907;1079;0;0;0;0;0
97;NW;Rhein-Sieg-Kreis I;234377;172653;2251;1906;170402;170747;84556;74187;50271;46065;4172;10796;7946;9496;10895;14000;0;0;3472;3771;1618;1464;0;0;0;148;0;238;0;0;0;103;0;0;0;0;0;0;0;23;0;0;0;18;1150;809;38;5519;7514;0;152;0;315;20;0;803;534;205;0;138;0;713;0;0;0;0;0
98;NW;Rhein-Sieg-Kreis II;213791;164635;2190;1725;162445;162910;85058;73860;44098;39571;5058;13468;5445;7433;11732;14122;0;0;3151;3163;1207;1091;0;0;0;111;0;270;0;0;0;75;0;0;0;0;0;0;0;21;0;0;0;18;598;421;17;5058;7362;0;146;0;299;10;0;1040;585;163;0;115;0;589;0;0;0;0;0
99;NW;Oberbergischer Kreis;209414;150899;1983;1953;148916;148946;77800;67437;44773;40185;3226;8446;6373;8055;7675;10347;0;0;2769;2849;1491;1329;0;0;0;152;0;262;0;0;0;72;0;0;0;0;0;0;0;18;0;0;0;26;0;363;32;4455;7487;0;80;0;473;21;0;0;364;189;0;130;0;629;0;0;0;0;354
100;NW;Rheinisch-Bergischer Kreis;216414;169131;1527;1411;167604;167720;98017;73278;41894;43721;2937;11676;6884;8473;11472;15113;0;0;0;3311;1241;1149;0;0;0;155;0;265;0;0;0;79;0;0;0;0;0;0;0;25;0;0;0;30;0;294;24;4713;7945;0;119;0;348;28;0;0;463;297;0;153;0;774;0;0;0;0;446
101;NW;Leverkusen – Köln IV;214098;150030;2086;1590;147944;148440;58201;52884;61172;48511;3447;7212;8554;10615;10589;14283;0;0;0;3816;2450;1578;0;0;0;177;0;202;0;0;0;65;0;0;0;0;0;0;0;30;0;0;398;164;0;315;23;0;5807;0;277;0;514;16;0;1604;632;230;0;96;1529;993;0;0;0;0;0
102;NW;Wuppertal I;213132;145925;2520;1987;143405;143938;52427;47470;58407;46638;4314;8198;10992;12499;10198;14318;0;0;4264;3561;2803;1620;0;0;0;390;0;202;0;0;0;61;0;0;0;0;0;0;0;19;0;0;0;131;0;311;37;0;5989;0;187;0;473;79;0;0;440;227;0;126;0;962;0;0;0;0;0
103;NW;Solingen – Remscheid – Wuppertal II;226117;160929;2357;1908;158572;159021;70269;62029;52931;48123;4170;9650;9222;10740;11334;12676;0;0;4432;3901;0;1590;0;0;0;345;0;216;0;0;0;74;0;0;0;0;0;0;0;32;0;0;430;177;0;320;36;5784;6853;0;263;0;500;25;0;0;347;200;0;138;0;786;0;0;0;0;0
104;NW;Mettmann I;205564;154473;1800;1590;152673;152883;75628;65696;52832;43173;2964;9660;5697;7808;7735;11699;0;0;3134;3243;0;1273;0;0;0;283;0;229;0;0;0;96;0;0;0;0;0;0;0;45;0;0;0;26;0;273;30;4683;7764;0;148;0;328;47;0;0;305;199;0;101;0;457;0;0;0;0;0
105;NW;Mettmann II;165493;123036;1657;1382;121379;121654;55307;50254;45091;37580;2920;7421;5166;6646;5987;8408;0;0;2997;2655;0;1097;0;0;0;197;0;147;0;0;0;55;0;0;0;0;0;0;0;26;0;0;0;31;0;212;21;3911;5730;0;96;0;245;39;0;0;197;176;0;74;0;347;0;0;0;0;0
106;NW;Düsseldorf I;218889;165028;1635;1353;163393;163675;78206;65978;47731;43269;5825;14985;8657;10505;13427;15445;0;0;3063;3458;824;770;0;0;466;379;0;182;0;0;0;63;0;0;0;0;0;0;0;33;0;0;173;81;0;202;28;5021;6891;0;126;0;201;21;0;0;241;187;0;89;0;541;0;0;0;0;0
107;NW;Düsseldorf II;196250;139390;1983;1348;137407;138042;55990;51050;48065;41737;3980;7979;12538;10705;10315;13399;0;0;3848;3509;1330;1048;0;0;961;550;0;188;0;0;0;65;0;0;0;0;0;0;380;81;0;0;0;61;0;245;35;0;5845;0;154;0;283;18;0;0;256;193;0;85;0;556;0;0;0;0;0
108;NW;Neuss I;214614;154444;1878;1635;152566;152809;78712;69480;46619;42604;3507;9418;5983;7606;7226;9363;0;0;3891;3666;1665;1503;0;0;0;226;0;187;0;0;0;92;0;0;0;0;0;0;0;43;0;0;0;39;0;297;39;4155;6276;0;201;0;358;26;0;808;646;168;0;107;0;464;0;0;0;0;0
109;NW;Mönchengladbach;192676;127559;1953;1617;125606;125942;63843;55030;36665;35447;2847;7414;7827;8080;7638;7792;0;0;0;3149;1663;1339;0;0;0;145;0;158;0;0;0;45;0;0;0;0;0;0;0;20;0;0;0;30;0;199;23;4259;5255;0;124;0;310;20;0;0;316;179;0;123;864;744;0;0;0;0;0
110;NW;Krefeld I – Neuss II;202204;150999;1858;1579;149141;149420;73201;66802;46148;40968;5447;10901;6165;7768;8693;10303;0;0;3372;3173;1415;1192;0;0;0;155;0;165;0;0;0;77;0;0;0;0;0;0;0;34;0;0;0;42;0;301;34;3633;5753;0;156;0;289;24;0;529;457;150;0;80;538;596;0;0;0;0;0
111;NW;Viersen;227631;167490;1886;1693;165604;165797;87764;76747;47198;44103;3857;10493;7998;8897;8880;11106;0;0;3466;3464;1684;1557;0;0;0;145;0;204;0;0;0;99;0;0;0;0;0;0;0;37;0;0;0;32;0;355;43;4182;6806;0;105;0;303;20;0;575;457;159;0;113;0;552;0;0;0;0;0
112;NW;Kleve;225823;161873;2383;1713;159490;160160;81216;77833;52778;43253;5003;9094;0;7322;9220;9856;0;0;4327;3212;1630;1293;0;0;0;115;0;198;0;0;0;94;0;0;0;0;0;0;0;24;0;0;0;31;0;280;23;5316;6300;0;47;0;306;30;0;0;234;137;0;101;0;377;0;0;0;0;0
113;NW;Wesel I;207485;153981;1736;1512;152245;152469;66172;59970;59709;53249;2781;7224;7527;9091;7489;9780;0;0;3567;3154;0;1646;0;0;0;229;0;158;0;0;490;243;0;0;0;0;0;0;0;25;0;0;0;36;0;256;28;4510;5678;0;84;0;346;39;0;0;295;179;0;116;0;643;0;0;0;0;0
114;NW;Krefeld II – Wesel II;182593;131185;1948;1489;129237;129696;51835;47806;53578;44856;3245;7237;6994;8546;6888;9485;0;0;3040;2739;2039;1463;0;0;0;166;0;126;0;0;0;74;0;0;0;0;0;0;0;30;0;0;268;110;0;222;27;0;5085;0;143;0;404;26;0;730;402;109;0;106;620;534;0;0;0;0;0
115;NW;Duisburg I;171223;121815;2161;1500;119654;120315;38477;36109;55779;47165;1955;4044;8802;9475;6107;8341;0;0;3926;2897;4608;2748;0;0;0;318;0;156;0;0;0;76;0;0;0;0;0;0;0;36;0;0;0;181;0;267;43;0;6211;0;336;0;857;63;0;0;207;177;0;91;0;517;0;0;0;0;0
116;NW;Duisburg II;166103;105682;2063;1550;103619;104132;30654;27665;44759;44727;1680;2891;8920;9160;5371;5376;0;0;2909;2449;4676;3507;0;0;0;299;0;75;0;0;0;115;0;0;0;0;0;0;0;32;0;0;351;228;0;248;52;4299;5349;0;335;0;845;77;0;0;143;122;0;72;0;365;0;0;0;0;0
117;NW;Oberhausen – Wesel III;208991;147679;2469;1912;145210;145767;46889;43882;65442;60222;2415;4802;10627;11732;11396;9604;0;0;4440;3579;4001;2938;0;0;0;234;0;167;0;0;0;104;0;0;0;0;0;0;0;49;0;0;0;92;0;293;47;0;6145;0;155;0;641;47;0;0;225;168;0;116;0;525;0;0;0;0;0
118;NW;Mülheim – Essen I;191475;140961;1796;1483;139165;139478;49487;47247;58741;53275;3412;6388;7664;8968;8824;9837;0;0;3093;2858;2339;2029;0;0;0;227;0;142;0;0;0;77;0;0;0;0;0;0;0;41;0;0;222;108;0;217;42;5383;6404;0;209;0;469;53;0;0;167;151;0;78;0;491;0;0;0;0;0
119;NW;Essen II;167962;108599;1614;1319;106985;107280;33243;30540;51677;44684;1721;3627;7752;8716;5382;7616;0;0;3048;2733;2884;2014;0;0;0;370;0;88;0;0;0;51;0;0;0;0;0;0;304;81;0;0;240;168;0;191;21;0;4556;0;231;0;385;28;0;0;212;153;0;92;734;723;0;0;0;0;0
120;NW;Essen III;195692;151040;1551;1268;149489;149772;59101;54310;59008;49626;3007;8581;7341;9855;11576;14550;0;0;3169;3087;1489;1294;0;0;0;215;0;186;0;0;0;60;0;0;0;0;0;0;213;91;0;0;0;100;0;190;32;4015;5812;0;140;0;326;21;0;0;236;205;0;98;0;757;0;0;0;0;570
121;NW;Recklinghausen I;172167;122346;1801;1419;120545;120927;41383;40898;54504;48070;2426;4100;7410;8244;6178;7716;0;0;2953;2661;1770;1530;0;0;0;204;0;152;0;0;0;85;0;0;0;0;0;0;0;21;0;0;0;86;0;217;37;3921;5464;0;162;0;402;41;0;0;185;163;0;79;0;410;0;0;0;0;0
122;NW;Recklinghausen II;191504;137426;2221;1702;135205;135724;49404;47082;61748;54378;2122;4813;7529;8501;6733;7860;0;0;3807;3140;2574;1730;0;0;0;252;0;131;0;0;0;65;0;0;0;0;0;0;0;29;0;0;282;140;0;328;61;0;5494;0;168;0;440;66;0;0;266;184;0;128;0;468;0;0;0;0;1006
123;NW;Gelsenkirchen;181476;118452;1608;1504;116844;116948;33460;32380;58967;51514;1933;3468;7112;8880;4270;6413;0;0;2670;2569;2833;2562;0;0;0;463;0;82;0;0;0;81;0;0;0;0;0;0;0;17;0;0;493;398;0;205;22;4405;5553;0;455;0;702;48;0;701;448;120;0;112;0;456;0;0;0;0;0
124;NW;Steinfurt I – Borken I;201091;147449;1602;1243;145847;146206;75853;72802;46459;41073;4075;7434;5484;6420;7458;8936;0;0;3246;2778;0;943;0;0;0;123;0;155;0;0;0;54;0;0;0;0;0;0;0;16;0;0;0;20;0;152;24;3272;4126;0;40;0;146;28;0;0;282;130;0;90;0;434;0;0;0;0;0
125;NW;Bottrop – Recklinghausen III;206061;148181;2010;1693;146171;146488;53354;51021;66913;58800;2372;5095;7827;9153;5277;7998;0;0;3613;3029;0;2208;0;0;0;327;986;465;0;0;0;79;0;0;0;0;0;0;0;36;0;0;299;142;0;280;53;5530;6034;0;243;0;547;54;0;0;177;142;0;110;0;495;0;0;0;0;0
126;NW;Borken II;198648;151387;1401;1118;149986;150269;86028;80352;40643;38391;3389;7915;4513;5447;9548;9138;0;0;3016;2468;0;948;0;0;0;103;0;167;0;0;0;61;0;0;0;0;0;0;0;17;0;0;0;17;0;182;22;2849;4042;0;22;0;170;12;0;0;248;117;0;78;0;352;0;0;0;0;0
127;NW;Coesfeld – Steinfurt II;190611;149678;1297;1193;148381;148485;83175;74391;39724;38075;3826;8328;4929;6167;10346;12083;0;0;2884;2605;0;812;0;0;0;110;0;188;461;0;0;64;0;0;0;0;0;0;0;14;0;0;0;22;0;171;29;3036;4216;0;18;0;243;13;0;0;267;101;0;96;0;472;0;0;0;0;0
128;NW;Steinfurt III;193909;146050;1336;1296;144714;144754;69385;62729;52786;48324;2603;6822;5533;6765;8464;10981;0;0;2356;2504;1021;940;0;0;0;96;0;123;0;0;0;50;0;0;0;0;0;0;0;16;0;0;0;25;0;156;24;2566;4028;0;74;0;115;16;0;0;279;133;0;89;0;465;0;0;0;0;0
129;NW;Münster;227762;180093;1527;1291;178566;178802;69352;67626;63296;48579;10222;12119;7620;11254;19767;27118;0;0;3582;4037;0;490;0;0;0;54;752;595;0;0;0;52;0;0;0;0;0;0;0;21;0;0;0;51;0;123;27;3651;5236;0;59;0;139;23;0;0;195;218;0;113;0;673;0;0;0;0;324
130;NW;Warendorf;210355;158085;1684;1552;156401;156533;80272;73764;50056;45609;3533;8486;5488;6858;9300;11305;0;0;3163;3123;1134;1090;0;0;0;122;0;178;0;0;0;53;0;0;0;0;0;0;0;25;0;0;0;23;0;223;29;3455;4571;0;53;0;147;4;0;0;378;93;0;70;0;329;0;0;0;0;0
131;NW;Gütersloh I;233596;168983;2080;1840;166903;167143;83869;77361;56031;47962;3146;8236;7133;8332;9069;13148;0;0;3134;3070;0;1260;0;0;0;139;0;354;0;0;343;164;0;0;0;0;0;0;0;21;0;0;0;20;0;222;38;4178;5286;0;111;0;228;17;0;0;454;171;0;112;0;437;0;0;0;0;0
132;NW;Bielefeld – Gütersloh II;247179;179625;2476;2077;177149;177548;66021;62698;67464;57931;3523;7055;12153;14869;19026;20711;0;0;4564;4189;0;1233;0;0;0;131;0;280;0;0;0;63;0;0;0;0;0;0;0;39;0;0;0;97;0;315;51;4398;6076;0;190;0;336;34;0;0;226;190;0;93;0;741;0;0;0;0;0
133;NW;Herford – Minden-Lübbecke II;230975;163815;2482;1855;161333;161960;65873;63755;66637;56554;5651;6798;8706;9409;8209;12297;0;0;4697;3350;0;1267;0;0;0;211;0;186;0;0;0;76;0;0;0;0;0;0;0;29;0;0;0;36;0;286;32;0;5832;0;67;0;332;22;0;1119;661;175;0;109;0;476;0;0;0;0;441
134;NW;Minden-Lübbecke I;206505;145637;2113;1611;143524;144026;66385;59134;58186;49536;2738;6640;5943;7114;5923;10527;0;0;3756;2893;0;936;0;0;0;239;0;151;0;0;0;61;0;0;0;0;0;0;0;16;0;0;0;30;0;254;31;0;5170;0;39;0;244;28;0;593;358;141;0;89;0;395;0;0;0;0;0
135;NW;Lippe I;172330;125708;1797;1514;123911;124194;49783;48776;50934;43583;2873;5698;5186;6369;7070;9123;0;0;2814;2498;0;1020;0;0;0;139;0;133;0;0;0;56;0;0;0;0;0;0;0;18;0;0;0;27;0;238;36;3154;4758;0;60;0;266;29;0;868;788;105;0;95;0;379;0;0;0;0;1229
136;NW;Höxter – Lippe II;213488;155994;2260;1996;153734;153998;76882;70520;48159;45707;2956;7423;6328;7894;8757;10266;0;0;2854;2853;1312;1188;0;0;0;88;693;400;0;0;0;63;0;0;0;0;0;0;0;22;0;0;0;22;0;221;29;4004;5545;0;91;0;198;19;0;1086;807;113;0;91;0;438;0;0;0;0;703
137;NW;Paderborn – Gütersloh III;247138;176149;2103;2001;174046;174148;102867;89394;40429;40630;3296;8774;6969;9065;11254;12445;0;0;3800;3682;1442;1383;0;0;0;132;0;293;0;0;0;76;0;0;0;0;0;0;0;31;0;0;0;17;0;257;31;3521;6296;0;119;0;248;24;0;0;500;187;0;126;0;438;0;0;0;0;468
138;NW;Hagen – Ennepe-Ruhr-Kreis I;212903;147183;2595;1737;144588;145446;49329;51328;68044;53380;4978;6604;8181;9820;6521;9806;0;0;3931;3262;2822;1611;0;0;0;310;0;159;0;0;514;189;0;0;0;0;0;0;0;20;0;0;268;96;0;305;33;0;6374;0;142;0;744;29;0;0;373;182;0;113;0;566;0;0;0;0;0
139;NW;Ennepe-Ruhr-Kreis II;181174;134749;1897;1600;132852;133149;47530;44028;56197;50946;2666;5977;6743;8498;10964;12071;0;0;3003;2951;1523;1241;0;0;0;152;0;187;0;0;0;64;0;0;0;0;0;0;0;19;0;0;233;156;0;222;37;3993;5178;0;143;0;323;44;0;0;197;153;0;75;0;487;0;0;0;0;0
140;NW;Bochum I;210904;154030;2865;1848;151165;152182;53861;46448;66851;58766;2069;5862;10331;12022;10323;14667;0;0;4608;3903;2832;1916;0;0;0;170;0;237;0;0;0;69;0;0;0;0;0;0;0;36;0;0;290;145;0;245;36;0;5820;0;196;0;374;48;0;0;286;187;0;71;0;678;0;0;0;0;0
141;NW;Herne – Bochum II;184009;126927;2397;1794;124530;125133;37807;35149;60610;54876;1894;3528;9500;10162;7194;8275;0;0;3779;3078;3348;2225;0;0;0;439;0;156;0;0;0;89;0;0;0;0;0;0;0;24;0;0;398;198;0;267;40;0;4949;0;224;0;463;54;0;0;217;152;0;88;0;480;0;0;0;0;0
142;NW;Dortmund I;213946;149031;1562;1546;147469;147485;45310;42712;67019;56180;2882;6107;8835;11653;11042;15827;0;0;3775;4078;2139;1894;0;0;0;157;0;172;0;0;203;136;0;0;0;0;0;0;0;27;0;0;254;154;0;304;32;5188;6060;0;158;0;243;125;0;634;437;161;0;137;0;731;0;0;0;0;188
143;NW;Dortmund II;206701;137503;1850;1501;135653;136002;43688;39604;63388;55683;2014;5139;9340;10568;9228;11328;0;0;4036;3322;2741;1894;0;0;0;160;0;125;0;0;0;81;0;0;0;0;0;0;0;21;0;0;0;71;0;297;33;0;5571;0;241;0;311;50;0;1218;609;129;0;122;0;643;0;0;0;0;0
144;NW;Unna I;200068;148119;1843;1504;146276;146615;52433;46794;68287;60019;2514;5850;7749;9127;8242;11567;0;0;3535;3189;2174;1505;0;0;0;139;0;125;0;0;0;83;0;0;0;0;0;0;0;40;0;0;0;55;0;309;31;0;5525;0;172;0;362;29;0;1342;882;141;0;114;0;557;0;0;0;0;0
145;NW;Hamm – Unna II;238091;167338;2426;1946;164912;165392;64871;60984;71174;63646;3439;6153;9277;10399;8250;9990;0;0;3930;3465;2913;2064;0;0;0;281;0;123;0;0;0;76;0;0;0;0;0;0;0;21;0;0;0;66;0;298;33;0;5523;0;236;0;457;92;0;1058;683;129;0;118;0;555;0;0;0;0;0
146;NW;Soest;232311;167911;2435;1765;165476;166146;82394;74380;55127;50439;3870;8218;8267;8721;9868;11565;0;0;3996;3410;1954;1321;0;0;0;180;0;204;0;0;0;86;0;0;0;0;0;0;0;32;0;0;0;25;0;333;52;0;5711;0;91;0;330;59;0;0;229;192;0;101;0;467;0;0;0;0;0
147;NW;Hochsauerlandkreis;205948;151727;2123;1681;149604;150046;83952;74530;44682;42054;2878;7625;6159;7055;6308;7161;0;0;3280;2940;1708;1269;0;0;0;160;0;173;0;0;0;85;0;0;0;0;0;0;0;20;0;0;0;22;0;319;39;0;5140;0;43;0;278;22;0;637;533;131;0;88;0;359;0;0;0;0;0
148;NW;Siegen-Wittgenstein;215751;156569;1812;1673;154757;154896;70833;64307;56510;49563;3383;7327;6891;8920;7808;9937;0;0;2732;2722;1856;1759;0;0;0;269;0;286;0;0;0;55;0;0;0;0;0;0;0;22;0;0;0;41;0;312;35;4744;7653;0;406;0;312;30;0;0;243;146;0;101;0;450;0;0;0;0;0
149;NW;Olpe – Märkischer Kreis I;210836;150469;1632;1554;148837;148915;76911;71437;48711;42002;3586;7694;5635;7113;5132;7726;0;0;2694;2708;1692;1574;0;0;0;188;0;193;0;0;0;84;0;0;0;0;0;0;0;27;0;0;0;22;0;312;44;3931;6151;0;117;0;275;20;0;545;505;134;0;101;0;488;0;0;0;0;0
150;NW;Märkischer Kreis II;206189;145197;1695;1637;143502;143560;59768;59536;59821;46318;2792;6431;6926;8463;4498;7971;0;0;3114;3284;1874;1620;0;0;0;284;0;145;0;0;0;119;0;0;0;0;0;0;0;18;0;0;0;47;0;363;31;4709;7122;0;147;0;317;27;0;0;389;194;0;109;0;625;0;0;0;0;0
905;NW;Land;13253554;9605247;132654;107090;9472593;9498157;4148811;3776563;3472520;3028282;228962;498027;483918;582925;606235;760642;0;0;220636;209507;95784;94291;0;0;2683;13848;2431;12978;461;0;1550;5151;0;0;0;0;0;0;1377;1975;0;0;4599;4600;1748;17622;2155;171511;372258;0;10705;0;23243;2245;0;18250;25127;11349;0;6888;5192;37776;0;0;0;0;5925
151;SN;Nordsachsen;168695;112071;2610;1908;109461;110163;49906;49473;22316;16970;2276;2912;23843;22696;3399;3144;0;0;2149;2141;5572;4272;0;0;0;0;0;0;0;0;0;0;0;0;0;0;0;0;0;137;0;0;0;104;0;0;0;0;6762;0;0;0;394;0;0;0;1158;0;0;0;0;0;0;0;0;0;0
152;SN;Leipzig I;210456;138427;2028;1633;136399;136794;54566;50481;29511;25286;2307;4028;31923;29122;7683;9466;0;0;4043;4362;4489;3246;0;0;0;0;0;0;0;0;0;0;0;0;0;0;0;0;1877;408;0;0;0;203;0;0;0;0;8394;0;0;0;489;0;0;0;1309;0;0;0;0;0;0;0;0;0;0
153;SN;Leipzig II;219865;153935;2075;1748;151860;152187;52077;49553;35515;28778;2237;4583;37750;34302;13732;17075;0;0;3914;5897;3096;2207;0;0;0;0;0;0;0;0;0;0;0;0;0;0;0;0;1192;349;0;0;0;221;0;0;0;0;7702;0;0;0;383;0;0;0;1137;0;0;0;2347;0;0;0;0;0;0
154;SN;Leipzig-Land;220400;151537;2797;2332;148740;149205;76273;68348;23542;22681;2890;4292;31865;29716;4905;4899;0;0;3199;2905;6066;4513;0;0;0;0;0;0;0;0;0;0;0;0;0;0;0;0;0;172;0;0;0;137;0;0;0;0;9562;0;0;0;495;0;0;0;1485;0;0;0;0;0;0;0;0;0;0
155;SN;Meißen;207261;145679;2706;2490;142973;143189;76666;64622;18090;18024;3461;5253;25279;26735;4817;5721;0;0;3600;3252;6463;5588;0;0;0;0;0;0;0;0;0;0;0;0;0;0;0;0;1618;494;0;0;0;136;0;0;0;0;10195;0;0;2979;1282;0;0;0;1887;0;0;0;0;0;0;0;0;0;0
156;SN;Bautzen I;223726;155255;3252;3242;152003;152013;74794;69335;17268;18502;3948;4723;32452;30290;3709;4249;0;0;3035;3109;7270;6271;0;0;0;0;0;0;0;0;0;0;0;0;0;0;0;0;0;202;0;0;0;146;0;0;0;0;10811;0;0;0;905;0;0;4517;3470;0;0;0;0;0;0;0;0;0;5010
157;SN;Görlitz;223614;152944;3261;2983;149683;149961;74204;66106;22741;18839;2442;4185;29550;29380;5045;5044;0;0;3878;3259;8323;6360;0;0;0;0;0;0;0;0;0;0;0;0;0;0;0;0;2069;685;0;0;0;172;0;0;0;0;12331;0;0;0;1023;0;0;0;2577;0;0;0;0;0;0;1431;0;0;0
158;SN;Sächsische Schweiz-Osterzgebirge;207752;147427;2656;2452;144771;144975;72644;66673;15442;15865;2628;4655;27571;24848;4244;5158;0;0;2779;2980;9625;7370;0;0;0;0;0;0;0;0;0;0;0;0;0;0;0;0;1456;522;0;0;0;112;0;0;0;0;11417;0;0;0;670;0;0;8382;4705;0;0;0;0;0;0;0;0;0;0
159;SN;Dresden I;233382;173167;2802;2031;170365;171136;72537;68192;25321;26440;3305;5243;42599;32505;10429;13517;0;0;5217;6086;5196;3888;0;0;0;0;0;0;0;0;0;0;0;0;0;0;0;0;1180;457;0;0;0;179;0;0;0;0;11814;0;0;0;402;0;0;4316;2413;0;0;0;0;0;0;0;0;0;265
160;SN;Dresden II – Bautzen II;235691;173489;3091;2296;170398;171193;71227;66092;25150;23943;3471;5405;32588;31059;16650;16304;0;0;7841;7508;5849;4590;0;0;0;0;0;0;0;0;0;0;0;0;0;0;0;0;852;400;0;0;554;273;0;0;0;0;11930;0;0;0;439;0;0;6216;3250;0;0;0;0;0;0;0;0;0;0
161;SN;Mittelsachsen;210677;145578;2592;2204;142986;143374;74209;64971;22079;19070;3203;4933;29079;29525;4583;4703;0;0;3131;3042;6702;5305;0;0;0;0;0;0;0;0;0;0;0;0;0;0;0;0;0;207;0;0;0;139;0;0;0;0;8997;0;0;0;634;0;0;0;1848;0;0;0;0;0;0;0;0;0;0
162;SN;Chemnitz;201249;135876;1701;1348;134175;134528;55909;52380;28101;23558;2724;3865;31992;31014;6475;7168;0;0;2808;3298;4661;3135;0;0;0;0;0;0;0;0;0;0;0;0;0;0;0;0;0;170;0;0;0;184;0;0;0;0;8138;0;0;0;537;0;0;0;1081;0;0;0;1505;0;0;0;0;0;0
163;SN;Chemnitzer Umland – Erzgebirgskreis II;191550;134560;3115;2125;131445;132435;65157;59939;20517;19178;3006;3594;28783;26434;4874;4282;0;0;2903;2522;6205;4307;0;0;0;0;0;0;0;0;0;0;0;0;0;0;0;0;0;158;0;0;0;121;0;0;0;0;9636;0;0;0;504;0;0;0;1760;0;0;0;0;0;0;0;0;0;0
164;SN;Erzgebirgskreis I;232499;161718;3800;2968;157918;158750;79318;73098;19143;20114;10246;5828;32472;30741;5051;3964;0;0;3263;3008;8425;6398;0;0;0;0;0;0;0;0;0;0;0;0;0;0;0;0;0;183;0;0;0;133;0;0;0;0;12119;0;0;0;613;0;0;0;2551;0;0;0;0;0;0;0;0;0;0
165;SN;Zwickau;217679;148305;2723;2251;145582;146054;64857;64872;23033;21686;3996;3924;35847;31061;4334;4653;0;0;2744;2589;5918;4664;0;0;0;0;0;0;0;0;0;0;0;0;0;0;0;0;1030;384;0;0;0;175;0;0;0;0;8878;0;0;0;478;0;0;3823;2690;0;0;0;0;0;0;0;0;0;0
166;SN;Vogtlandkreis;201934;138790;2656;2095;136134;136695;65743;60466;28172;21885;3533;3836;26707;27617;3540;4569;0;0;2746;2603;5693;4322;0;0;0;0;0;0;0;0;0;0;0;0;0;0;0;0;0;148;0;0;0;129;0;0;0;0;9095;0;0;0;488;0;0;0;1537;0;0;0;0;0;0;0;0;0;0
914;SN;Land;3406430;2368758;43865;36106;2324893;2332652;1080087;994601;375941;340819;55673;71259;500300;467045;103470;113916;0;0;57250;58561;99553;76436;0;0;0;0;0;0;0;0;0;0;0;0;0;0;0;0;11274;5076;0;0;554;2564;0;0;0;0;157781;0;0;2979;9736;0;0;27254;34858;0;0;0;3852;0;0;1431;0;0;5275
167;HE;Waldeck;189728;138632;4931;4216;133701;134416;55444;49063;55217;48420;3579;6452;7253;7356;8486;10872;0;0;3177;2242;0;1159;0;0;0;237;0;0;0;0;0;0;0;0;0;0;0;0;0;47;0;0;0;33;0;0;71;0;6774;0;0;0;152;0;0;0;1013;0;0;0;0;525;0;0;0;0;545
168;HE;Kassel;224555;160695;5232;4216;155463;156479;54674;48361;62178;53232;3192;6259;13066;13680;16559;19884;0;0;4624;3575;0;1218;0;0;0;198;0;0;0;0;0;0;0;0;0;0;0;0;0;51;0;0;325;165;0;0;89;0;7977;0;0;0;155;0;0;0;839;0;0;0;0;796;0;0;0;0;845
169;HE;Werra-Meißner – Hersfeld-Rotenburg;180203;131446;4632;4193;126814;127253;51386;45872;54630;46913;2513;5014;7277;7584;6333;8868;0;0;2283;1954;2392;2013;0;0;0;170;0;0;0;0;0;0;0;0;0;0;0;0;0;55;0;0;0;41;0;0;55;0;7096;0;0;0;136;0;0;0;961;0;0;0;0;521;0;0;0;0;0
170;HE;Schwalm-Eder;191354;141665;4836;4684;136829;136981;54162;48747;57944;50052;3005;6362;6890;7442;7884;10498;0;0;2771;2306;2019;1532;0;0;0;229;0;0;0;0;0;0;0;0;0;0;0;0;0;46;0;0;0;32;0;0;58;0;7394;0;0;0;162;0;0;2154;1592;0;0;0;0;529;0;0;0;0;0
171;HE;Marburg;184686;130945;2943;3036;128002;127909;50683;46993;55982;42749;2229;5111;6746;8720;7595;13443;0;0;2581;2206;1459;1034;0;0;0;313;0;0;0;0;0;0;0;0;0;0;0;0;0;47;0;0;0;26;0;0;62;0;5858;0;0;0;109;0;0;0;593;0;0;0;727;645;0;0;0;0;0
172;HE;Lahn-Dill;210867;146943;4108;3840;142835;143103;68666;59760;49213;43406;3033;6323;6603;7433;8647;10600;0;0;3265;2533;2867;2253;0;0;0;288;0;0;0;0;0;0;0;0;0;0;0;0;0;63;0;0;0;37;0;0;63;0;8315;0;0;0;213;0;0;0;1250;0;0;0;0;566;0;0;0;0;541
173;HE;Gießen;215246;156652;4350;3929;152302;152723;67587;59062;54028;45299;4543;7553;7802;9928;11186;14759;0;0;3949;3268;2483;1977;0;0;0;273;0;0;0;0;0;0;0;0;0;0;0;0;0;93;0;0;0;59;0;0;84;0;7444;0;0;0;183;0;0;0;1982;0;0;0;0;759;0;0;0;0;724
174;HE;Fulda;209960;154025;4429;3795;149596;150230;87263;76778;37352;33218;3605;7313;6869;6900;8125;10058;0;0;3390;2715;2992;2190;0;0;0;414;0;0;0;0;0;0;0;0;0;0;0;0;0;64;0;0;0;25;0;0;71;0;8711;0;0;0;162;0;0;0;1033;0;0;0;0;578;0;0;0;0;0
175;HE;Main-Kinzig – Wetterau II – Schotten;180491;131010;4237;3996;126773;127014;61911;52305;41061;35313;2963;6516;6739;6934;6815;9720;0;0;3746;2666;3538;2662;0;0;0;487;0;0;0;0;0;0;0;0;0;0;0;0;0;72;0;0;0;25;0;0;74;0;8098;0;0;0;187;0;0;0;1325;0;0;0;0;630;0;0;0;0;0
176;HE;Hochtaunus;182026;139886;2911;3003;136975;136883;66785;58822;38435;33846;4866;10334;5482;6358;10064;12690;0;0;2194;2266;934;1024;0;0;467;469;0;0;0;0;0;0;0;0;0;0;0;0;0;51;0;0;0;18;0;0;38;7748;9447;0;0;0;134;0;0;0;876;0;0;0;0;510;0;0;0;0;0
177;HE;Wetterau I;175085;131480;3710;3331;127770;128149;60118;52419;40805;34937;3527;7586;6174;6615;9497;11991;0;0;2863;2535;2364;1860;0;0;0;194;0;0;0;0;0;0;0;0;0;0;0;0;0;110;0;0;0;23;0;0;57;0;7608;0;0;0;170;0;0;2422;1440;0;0;0;0;604;0;0;0;0;0
178;HE;Rheingau-Taunus – Limburg;220668;165788;3756;3864;162032;161924;84489;73599;47152;40718;3726;10139;6300;7290;9119;13955;0;0;2869;2884;1464;1476;0;0;0;302;0;0;0;0;0;0;0;0;0;0;0;0;0;57;0;0;0;42;0;0;67;6913;9469;0;0;0;189;0;0;0;1126;0;0;0;0;611;0;0;0;0;0
179;HE;Wiesbaden;189698;132335;2705;2652;129630;129683;56466;50187;45311;36041;3296;8801;6097;7668;9784;15133;0;0;2224;2531;941;865;0;0;0;352;0;0;0;0;0;0;0;0;0;0;0;0;335;151;0;0;0;52;0;0;38;5176;6550;0;0;0;124;0;0;0;665;0;0;0;0;525;0;0;0;0;0
180;HE;Hanau;177413;128280;4179;3786;124101;124494;54920;48828;45184;35650;3053;6611;7069;7630;7217;11183;0;0;2985;2549;2625;1899;0;0;0;687;0;0;0;0;0;0;0;0;0;0;0;0;0;73;0;0;0;28;0;0;65;0;7356;0;0;0;212;0;0;0;847;0;0;0;1048;876;0;0;0;0;0
181;HE;Main-Taunus;196605;155145;4078;3226;151067;151919;79353;66598;40927;34156;6472;13100;6355;6406;12453;15057;0;0;3729;2773;1778;1003;0;0;0;285;0;0;0;0;0;0;0;0;0;0;0;0;0;53;0;0;0;35;0;0;63;0;10470;0;0;0;159;0;0;0;1212;0;0;0;0;549;0;0;0;0;0
182;HE;Frankfurt am Main I;195615;133575;3056;2687;130519;130888;52427;43883;43124;35106;4125;9209;10280;11684;12875;17398;0;0;3066;3117;1148;949;0;0;772;450;0;0;0;0;0;0;0;0;0;0;0;0;177;85;0;0;0;56;0;0;62;0;6983;0;0;0;133;0;0;1586;904;0;0;0;939;869;0;0;0;0;0
183;HE;Frankfurt am Main II;219357;159914;2937;2901;156977;157013;57004;53198;47854;41360;5434;10979;9547;12778;21184;24165;0;0;2858;3426;1015;930;0;0;0;235;0;0;0;0;0;0;0;0;0;0;0;0;101;87;0;0;0;54;0;0;69;5155;7669;0;0;0;125;0;0;988;932;0;0;0;1155;1006;0;0;0;0;4682
184;HE;Groß-Gerau;174002;127383;4079;3694;123304;123689;52087;45389;46942;37781;2489;5762;7645;7693;9502;13129;0;0;4639;2989;0;1430;0;0;0;509;0;0;0;0;0;0;0;0;0;0;0;0;0;52;0;0;0;76;0;0;61;0;6939;0;0;0;200;0;0;0;1036;0;0;0;0;643;0;0;0;0;0
185;HE;Offenbach;221650;158240;4637;3990;153603;154250;69930;59905;47984;40203;4376;9836;9479;10205;12548;16503;0;0;3780;3627;2538;1663;0;0;0;626;0;0;0;0;0;0;0;0;0;0;0;0;0;49;0;0;0;40;0;0;75;0;8994;0;0;0;224;0;0;2968;1461;0;0;0;0;839;0;0;0;0;0
186;HE;Darmstadt;240017;180790;4193;4090;176597;176700;63397;61677;65820;50416;4306;8945;9111;11866;20704;25149;0;0;5033;5508;1437;1354;0;0;0;303;0;0;0;0;0;0;0;0;0;0;0;0;0;62;0;0;0;96;0;0;77;6789;9169;0;0;0;154;0;0;0;933;0;0;0;0;991;0;0;0;0;0
187;HE;Odenwald;234360;177273;6023;5441;171250;171832;80323;70211;57586;48252;4581;8964;8621;9459;11854;15560;0;0;5279;4034;3006;2035;0;0;0;764;0;0;0;0;0;0;0;0;0;0;0;0;0;101;0;0;0;76;0;0;83;0;9864;0;0;0;289;0;0;0;1307;0;0;0;0;833;0;0;0;0;0
188;HE;Bergstraße;199685;148381;3252;3822;145129;144559;70131;61337;46099;39838;2795;7975;5730;7025;8222;12520;0;0;2779;2951;1635;1589;0;0;0;617;0;0;0;0;0;0;0;0;0;0;0;0;0;67;0;0;0;32;0;0;62;6129;8134;0;0;0;182;0;0;1609;1602;0;0;0;0;628;0;0;0;0;0
906;HE;Land;4413271;3230483;89214;82392;3141269;3148091;1399206;1232994;1080828;906906;81708;175144;167135;188654;236653;313135;0;0;74084;64655;38635;34115;0;0;1239;8402;0;0;0;0;0;0;0;0;0;0;0;0;613;1536;0;0;325;1071;0;0;1444;37910;176319;0;0;0;3754;0;0;11727;24929;0;0;0;3869;15033;0;0;0;0;7337
189;TH;Eichsfeld – Nordhausen – Kyffhäuserkreis;225206;152177;2422;2257;149755;149920;71768;65251;24486;22951;2066;4068;33407;32463;4512;5571;0;0;3540;2898;5542;4769;0;0;0;246;2276;1578;0;0;0;0;0;0;0;0;0;0;0;0;0;0;0;128;0;0;0;0;7562;0;0;0;0;0;0;2158;2435;0;0;0;0;0;0;0;0;0;0
190;TH;Eisenach – Wartburgkreis – Unstrut-Hainich-Kreis;231502;155409;2729;2376;152680;153033;66311;61390;28484;26096;2445;3843;35851;34454;4892;6214;0;0;3983;3109;6758;5805;0;0;0;296;395;864;0;0;0;0;0;0;0;0;0;0;0;0;0;0;0;223;0;0;0;0;7824;0;0;0;0;0;0;3561;2915;0;0;0;0;0;0;0;0;0;0
191;TH;Jena – Sömmerda – Weimarer Land I;208560;146403;2463;2267;143940;144136;55474;51871;28530;23693;2865;4557;36084;33273;7625;10495;0;0;5292;4730;4502;3880;0;0;0;331;541;976;0;0;0;0;0;0;0;0;0;0;0;0;0;0;0;157;0;0;0;2566;8297;0;0;0;0;0;0;370;1876;0;91;0;0;0;0;0;0;0;0
192;TH;Gotha – Ilm-Kreis;205859;141461;2388;2369;139073;139092;51861;53196;34726;23815;1879;3280;28015;30758;4117;6414;0;0;3656;3566;4689;4416;0;0;0;343;0;734;0;0;0;0;0;0;0;0;0;0;0;0;0;0;0;182;0;0;0;8063;10309;0;0;0;0;0;0;2067;2079;0;0;0;0;0;0;0;0;0;0
193;TH;Erfurt – Weimar – Weimarer Land II;224121;156367;2689;2261;153678;154106;56992;53123;36694;27159;1781;4015;35917;35421;9151;13125;0;0;5670;4849;4774;3554;0;0;0;267;0;1005;0;0;0;0;0;0;0;0;0;0;0;0;0;0;0;248;0;0;0;0;9328;0;0;0;0;0;0;2699;2012;0;0;0;0;0;0;0;0;0;0
194;TH;Gera – Greiz – Altenburger Land;253082;171075;3175;2993;167900;168082;71720;67024;23785;23934;2378;4312;44078;42142;4683;5944;0;0;4112;3408;5838;5555;0;0;0;351;274;843;0;0;0;0;0;0;0;0;0;0;0;0;0;0;0;251;0;0;0;10457;12735;0;0;0;0;0;0;421;1583;0;154;0;0;0;0;0;0;0;0
195;TH;Saalfeld-Rudolstadt – Saale-Holzland-Kreis – Saale-Orla-Kreis;239724;165581;3430;2779;162151;162802;66864;62222;30353;24759;3562;4156;41324;39629;6222;6610;0;0;941;3726;7466;5883;0;0;0;388;374;1035;0;0;0;0;0;0;0;0;0;0;0;0;0;0;595;279;0;0;0;2895;11730;0;0;0;0;0;0;565;2385;0;106;0;0;0;0;0;0;0;884
196;TH;Suhl – Schmalkalden-Meiningen – Hildburghausen – Sonneberg;246205;162930;2723;2408;160207;160522;67093;63206;29444;26307;2306;3870;44145;40475;4724;6138;0;0;3586;3213;6467;5245;0;0;0;371;0;865;0;0;0;0;0;0;0;0;0;0;0;0;0;0;240;276;0;0;0;0;8228;0;0;0;0;0;0;2033;2328;0;0;0;0;0;0;0;0;0;169
916;TH;Land;1834259;1251403;22019;19710;1229384;1231693;508083;477283;236502;198714;19282;32101;298821;288615;45926;60511;0;0;30780;29499;46036;39107;0;0;0;2593;3860;7900;0;0;0;0;0;0;0;0;0;0;0;0;0;0;835;1744;0;0;0;23981;76013;0;0;0;0;0;0;13874;17613;0;351;0;0;0;0;0;0;0;1053
197;RP;Neuwied;240333;173536;3247;2380;170289;171156;79785;78005;63453;48866;3906;8023;7655;8965;6779;10661;0;0;3418;3249;2179;1610;0;0;0;262;0;322;0;0;0;0;0;0;0;0;0;0;0;0;0;0;0;68;0;0;0;0;8759;0;0;0;355;0;0;3114;1657;0;0;354;0;0;0;0;0;0;0
198;RP;Ahrweiler;195077;142594;3103;1934;139491;140660;77379;68680;39071;34660;3313;7897;6221;6569;7813;9287;0;0;4255;2920;0;1067;0;0;0;212;1439;555;0;0;0;0;0;0;0;0;0;0;0;0;0;0;0;34;0;0;0;0;7328;0;0;0;261;0;0;0;929;0;0;261;0;0;0;0;0;0;0
199;RP;Koblenz;198113;142888;3193;2025;139695;140863;67046;63427;43094;38221;3772;7595;6901;7358;11184;10853;0;0;3953;3073;0;938;0;0;0;176;0;324;0;0;0;0;0;0;0;0;0;0;0;0;0;0;0;29;0;0;0;0;6625;0;0;0;282;0;0;3745;1714;0;0;248;0;0;0;0;0;0;0
200;RP;Mosel/Rhein-Hunsrück;175441;129262;3111;2310;126151;126952;67658;62703;35146;31202;3990;7948;5647;6139;5083;7257;0;0;2606;2352;1273;1057;0;0;0;160;830;477;0;0;0;0;0;0;0;0;0;0;0;0;0;0;0;36;0;0;0;0;5323;0;0;0;282;0;0;3918;1698;0;0;318;0;0;0;0;0;0;0
201;RP;Kreuznach;187473;132299;3409;2495;128890;129804;53324;53335;48521;40708;3767;7236;6688;7485;5733;8221;0;0;2996;2394;1772;1434;0;0;0;210;0;253;0;0;0;0;0;0;0;0;0;0;0;0;0;0;0;32;0;0;0;0;6180;0;0;0;288;0;0;5194;1745;0;0;283;0;0;0;0;0;0;895
202;RP;Bitburg;166313;119298;2706;2031;116592;117267;65252;61192;30613;26189;3807;7136;3867;5134;5775;7165;0;0;2068;2159;1063;904;0;0;0;135;429;305;0;0;0;0;0;0;0;0;0;0;0;0;0;0;0;33;0;0;0;0;4264;0;0;0;176;0;0;2875;1925;0;843;550;0;0;0;0;0;0;0
203;RP;Trier;193803;141134;3321;2610;137813;138524;67281;60909;42879;36410;2656;6841;7687;8688;9555;13157;0;0;3863;3508;1287;1043;0;0;0;136;0;290;0;0;0;0;0;0;0;0;0;0;0;0;0;0;0;76;0;0;0;0;5736;0;0;0;173;0;0;1653;1289;0;0;268;952;0;0;0;0;0;0
204;RP;Montabaur;211010;155100;3327;2269;151773;152831;74887;69119;47097;42500;3714;7994;7217;7724;9014;9646;0;0;3707;3104;2341;1705;0;0;0;279;0;291;0;0;0;0;0;0;0;0;0;0;0;0;0;0;0;77;0;0;0;0;7831;0;0;0;300;0;0;3796;1945;0;0;316;0;0;0;0;0;0;0
205;RP;Mainz;245612;188171;3431;2413;184740;185758;74083;71290;64340;49232;9188;12166;8005;10266;18825;24728;0;0;4966;4646;0;988;0;0;0;546;1785;1294;0;0;0;0;0;0;0;0;0;0;270;0;0;0;0;67;0;0;0;0;8399;0;0;0;318;0;0;2480;1352;0;798;466;0;0;0;0;0;0;0
206;RP;Worms;212636;156833;3105;2680;153728;154153;64539;60722;56777;46052;4097;9179;5713;7784;8625;12878;0;0;2926;3291;2080;2188;0;0;0;559;668;517;0;0;0;0;0;0;0;0;0;0;16;0;0;0;0;46;0;0;0;6316;8604;0;0;0;290;0;0;1939;1665;0;32;378;0;0;0;0;0;0;0
207;RP;Ludwigshafen/Frankenthal;217129;155005;3243;2585;151762;152420;65746;59425;54003;45001;3773;7952;7476;8538;7247;11042;0;0;4179;3878;2666;2177;0;0;2452;1801;0;283;0;0;0;0;0;0;0;0;0;0;0;0;0;0;281;148;0;0;0;0;9224;0;0;0;348;0;0;3939;2162;0;0;441;0;0;0;0;0;0;0
208;RP;Neustadt – Speyer;220643;165435;3865;2632;161570;162803;77345;71072;46217;41982;4355;9337;7244;7871;13054;13915;0;0;4189;3660;2728;1778;0;0;0;943;0;427;1099;0;0;0;0;0;0;0;0;0;0;0;0;0;0;45;0;0;0;0;7995;0;0;0;332;0;0;4528;2835;0;811;611;0;0;0;0;0;0;0
209;RP;Kaiserslautern;232164;163010;4024;3142;158986;159868;59086;57376;61253;52242;3584;7315;11813;12107;8446;11430;0;0;4810;4278;3953;3080;0;0;0;580;0;323;1896;0;0;0;0;0;0;0;0;0;0;0;0;0;0;55;0;0;0;0;7101;0;0;0;415;0;0;4145;3031;0;0;535;0;0;0;0;0;0;0
210;RP;Pirmasens;180540;128753;4085;3159;124668;125594;57201;54877;40180;35108;3446;6344;7486;8172;5059;5960;0;0;3326;3061;2429;2178;0;0;1916;1313;0;267;0;0;0;0;0;0;0;0;0;0;0;0;0;0;0;42;0;0;0;0;5461;0;0;0;282;0;0;3625;2046;0;0;483;0;0;0;0;0;0;0
211;RP;Südpfalz;216137;158661;3545;2817;155116;155844;75748;66523;43385;40537;6217;9677;6308;7538;11064;13172;0;0;4608;4091;2082;1833;0;0;1605;1233;940;660;0;0;0;0;0;0;0;0;0;0;0;0;0;0;0;71;0;0;0;0;7584;0;0;0;349;0;0;3159;2166;0;0;410;0;0;0;0;0;0;0
907;RP;Land;3092424;2251979;50715;37482;2201264;2214497;1026360;958655;716029;608910;63585;122640;105928;120338;133256;169372;0;0;55870;49664;25853;23980;0;0;5973;8545;6091;6588;2995;0;0;0;0;0;0;0;0;0;286;0;0;0;281;859;0;0;0;6316;106414;0;0;0;4451;0;0;48110;28159;0;2484;5922;952;0;0;0;0;0;895
212;BY;Altötting;167160;111846;985;985;110861;110861;0;0;15921;16797;2293;4365;2832;3241;6030;6394;72915;64998;2318;1902;0;702;0;759;0;541;0;1349;0;0;0;39;0;0;0;1485;0;0;388;116;654;350;0;15;0;0;0;3669;4496;0;0;0;79;0;213;3841;2884;0;0;136;0;0;0;0;0;0;0
213;BY;Erding – Ebersberg;192385;143626;1083;929;142543;142697;0;0;27233;23670;3125;7322;3712;4178;11377;12587;78991;72850;0;2611;0;607;0;1029;0;1052;2992;1976;0;0;178;119;0;0;2791;2177;0;0;0;31;0;171;0;25;0;0;0;6385;7395;0;0;0;92;0;247;5469;4443;0;0;115;0;0;0;0;0;290;0
214;BY;Freising;231455;166016;1535;1232;164481;164784;0;0;28236;26558;4030;7661;4700;5257;18680;14881;88887;85319;3745;3317;0;1284;0;1198;0;537;2638;1976;0;0;0;47;0;0;0;2137;0;0;0;28;0;205;0;27;0;0;0;6088;7694;0;0;0;134;0;274;7440;6087;0;0;163;37;0;0;0;0;0;0
215;BY;Fürstenfeldbruck;228174;171489;1302;1089;170187;170400;0;0;33713;30862;3754;8398;4543;5121;12830;14955;95234;86764;3847;3225;0;814;0;1263;0;512;2638;1919;0;0;0;52;0;0;0;1964;0;0;0;24;0;216;0;38;0;0;0;7938;8985;0;0;0;150;0;251;5690;4754;0;0;133;0;0;0;0;0;0;0
216;BY;Ingolstadt;235284;161027;1243;1360;159784;159667;0;0;26660;27909;3230;6850;6388;5796;10554;9936;97729;88710;3326;2857;0;1350;0;988;0;684;2089;1875;0;0;0;59;0;0;0;1625;0;0;0;22;0;173;0;26;0;0;0;4509;5635;0;0;0;91;0;249;4721;4672;0;0;160;578;0;0;0;0;0;0
217;BY;München-Nord;225557;155942;1185;698;154757;155244;0;0;48625;38350;5749;12778;5722;7088;15962;21174;66930;57100;4979;4223;1142;654;0;1071;0;262;2320;1544;0;0;0;42;0;0;0;900;0;0;228;56;0;209;164;60;0;0;0;0;7106;0;0;0;110;0;196;2936;2193;0;0;128;0;0;0;0;0;0;0
218;BY;München-Ost;236523;168795;1355;753;167440;168042;0;0;48051;39187;6920;13775;5713;7131;17100;21719;74745;66349;3757;3814;1145;621;0;1124;0;297;2702;1575;0;0;0;47;0;0;2080;1235;0;0;249;45;0;210;0;41;0;0;0;0;7807;0;0;0;113;0;206;4978;2600;0;0;146;0;0;0;0;0;0;0
219;BY;München-Süd;215368;154146;975;749;153171;153397;0;0;43571;36877;4650;10727;6027;7341;17407;21440;66513;58097;3950;4003;744;632;0;1092;0;283;2598;1418;0;0;0;46;0;0;0;1088;0;0;138;49;0;224;0;42;0;0;0;4661;7082;0;0;0;82;0;256;2912;2493;0;0;125;0;0;0;0;0;0;0
220;BY;München-West/Mitte;239700;174322;1303;789;173019;173533;0;0;49419;41108;6984;12850;7135;8312;22743;27068;73661;64221;4420;4313;996;643;0;1219;0;272;2796;1770;0;0;0;51;0;0;0;1002;0;0;185;60;0;249;0;125;0;0;0;0;7249;0;0;735;201;0;291;3713;2387;0;0;142;0;0;0;0;0;0;232
221;BY;München-Land;233398;180602;1093;1110;179509;179492;0;0;36736;35540;6753;14940;3796;5088;19918;17654;94347;84406;3091;3311;0;596;0;1260;0;515;1846;1502;0;0;197;88;0;0;0;1266;0;0;0;22;0;177;0;31;0;0;0;7164;8741;0;0;0;108;0;225;5336;3829;0;325;193;0;0;0;0;0;0;0
222;BY;Rosenheim;231069;162958;1336;1147;161622;161811;0;0;20229;23966;4272;8040;3932;4688;15125;13631;93964;87569;3651;2788;0;772;0;1111;2015;1368;3290;2419;0;0;0;36;0;0;3674;3088;0;0;189;96;0;241;0;24;0;0;0;6571;7792;0;0;0;93;0;269;4484;3653;0;0;167;0;0;0;0;0;0;226
223;BY;Bad Tölz-Wolfratshausen – Miesbach;163940;118741;1554;882;117187;117859;0;0;20112;16918;6071;6929;3480;3140;9357;9364;66141;63502;2419;1714;0;559;0;826;0;312;2401;1312;0;0;0;35;0;0;0;1998;0;0;0;28;0;273;0;15;0;0;0;0;6842;0;0;0;91;0;160;7206;3708;0;0;133;0;0;0;0;0;0;0
224;BY;Starnberg – Landsberg am Lech;210748;160415;1417;904;158998;159511;0;0;28955;27131;10082;12277;4405;4754;16615;17066;84080;77657;3581;2919;574;724;0;1197;0;327;3568;1887;0;0;3;48;0;0;1405;1833;0;0;0;20;0;262;0;20;0;0;0;1312;7931;0;0;0;96;0;228;4404;2987;0;14;147;0;0;0;0;0;0;0
225;BY;Traunstein;206868;141456;1544;1126;139912;140330;0;0;24570;20875;3313;6139;4117;4193;11973;12334;87598;80351;3034;2116;0;771;0;912;1917;813;3390;1843;0;0;0;43;0;0;0;1808;0;0;0;36;0;202;0;18;0;0;0;0;4597;0;0;0;85;0;187;0;2843;0;0;164;0;0;0;0;0;0;0
226;BY;Weilheim;165415;119201;1341;969;117860;118232;0;0;19372;18049;3736;6162;3337;3553;8939;9266;67678;62418;1851;1765;1007;654;0;836;0;240;3076;2141;0;0;0;60;0;0;4194;2576;0;0;0;25;0;172;0;35;0;0;0;0;6620;0;0;0;90;0;211;4670;3222;0;0;137;0;0;0;0;0;0;0
227;BY;Deggendorf;165957;100308;894;779;99414;99529;0;0;16066;16700;1950;3810;3024;3367;4450;4370;60975;55877;1418;1370;1777;1541;0;721;0;458;109;993;0;0;0;38;0;0;1773;1652;0;0;0;13;0;90;0;11;0;0;0;3205;3985;0;0;0;70;0;186;4667;4205;0;0;72;0;0;0;0;0;0;0
228;BY;Landshut;246103;167952;1613;1191;166339;166761;0;0;27100;26720;5038;7840;4832;5074;13785;11181;96356;89865;3291;2605;2169;1351;0;1310;0;474;3909;2123;0;0;0;38;0;0;0;2378;0;0;0;27;0;266;0;22;0;0;0;0;6007;0;0;0;148;0;299;9859;8856;0;0;177;0;0;0;0;0;0;0
229;BY;Passau;175517;111024;1229;909;109795;110115;0;0;21558;20349;0;4945;3541;4139;5693;6590;65598;59369;2069;1721;1150;1003;0;804;0;326;2940;1834;0;0;0;21;0;0;0;1027;0;0;0;19;0;119;0;13;0;0;0;3451;4320;0;0;0;77;0;175;3795;3167;0;0;97;0;0;0;0;0;0;0
230;BY;Rottal-Inn;168478;107566;1268;917;106298;106649;0;0;17056;16066;2179;4344;2756;2840;5073;5242;65095;62705;58;1471;1669;1323;0;740;0;453;2950;1793;0;0;0;42;0;0;0;1432;0;0;0;32;0;121;0;17;0;0;0;3129;3827;0;0;0;87;0;195;5561;3784;0;0;135;772;0;0;0;0;0;0
231;BY;Straubing;173773;111537;1167;988;110370;110549;0;0;19400;17790;2596;4653;2757;3297;3582;4324;67579;63887;1915;1627;1858;1513;0;688;0;377;3201;1939;0;0;0;19;0;0;0;1390;0;0;0;14;0;81;0;16;0;0;0;3662;4375;0;0;0;59;0;191;3820;4171;0;0;138;0;0;0;0;0;0;0
232;BY;Amberg;215146;151021;1542;1285;149479;149736;0;0;31253;29036;3148;5633;4909;5052;7365;8997;87248;80073;3781;2920;2229;1586;0;981;0;372;3824;1959;0;0;0;53;0;0;0;1375;0;0;0;30;0;142;0;32;0;0;0;0;5273;0;0;0;109;0;280;5722;5681;0;0;152;0;0;0;0;0;0;0
233;BY;Regensburg;248820;171954;1394;1315;170560;170639;0;0;37541;32902;6830;7835;5839;6617;14202;15759;82648;82556;3453;3354;1442;1280;0;1261;0;475;4184;2571;0;0;0;35;0;0;0;1320;0;0;0;23;0;213;0;33;0;0;0;6229;7000;0;0;0;103;0;279;7799;6886;0;0;137;0;0;0;0;0;0;393
234;BY;Schwandorf;216389;141364;1247;1564;140117;139800;0;0;34716;27066;2430;4701;3820;4505;4516;5927;80840;76453;0;2153;2155;1705;0;1020;0;469;2152;1527;0;0;0;42;0;0;2964;2120;0;0;0;21;0;103;0;38;0;0;0;0;4575;0;0;0;105;0;253;6524;6858;0;0;159;0;0;0;0;0;0;0
235;BY;Weiden;170403;118903;1114;1193;117789;117710;0;0;25881;26484;1735;3953;3117;3982;4531;5072;64930;62126;1806;1758;1895;1909;0;772;0;289;1489;1098;0;0;0;27;0;0;0;1071;0;0;0;19;0;105;0;18;0;0;0;2855;4243;0;0;0;109;0;254;4165;4259;0;0;162;0;0;0;0;0;0;5385
236;BY;Bamberg;179923;126869;995;920;125874;125949;0;0;28794;24924;4252;6073;4365;5143;10283;11267;65723;61546;3025;2905;1661;1619;0;964;0;586;0;792;0;0;0;40;0;0;0;570;0;0;0;19;0;139;0;60;0;0;0;4222;5211;0;0;0;82;0;319;3549;3559;0;0;131;0;0;0;0;0;0;0
237;BY;Bayreuth;164828;115659;1187;855;114472;114804;0;0;29344;26676;3133;5539;3246;3783;7189;7803;63936;56846;2663;2192;1392;1104;0;796;0;530;0;556;0;0;0;44;0;0;0;398;0;0;0;16;0;112;0;24;0;0;0;3569;4435;0;0;0;70;0;245;0;3524;0;0;111;0;0;0;0;0;0;0
238;BY;Coburg;162587;113159;996;1021;112163;112138;0;0;36370;31297;1850;4506;3739;4468;4327;6380;56302;52429;1717;1811;1771;1644;0;688;0;224;0;543;0;0;0;25;0;0;0;312;0;0;0;17;0;112;0;39;0;0;0;3178;4776;0;0;0;68;0;250;2909;2448;0;0;101;0;0;0;0;0;0;0
239;BY;Hof;172085;117057;1078;1188;115979;115869;0;0;33146;30817;1512;4381;5206;5566;6396;6244;63895;54357;0;2231;1691;1438;0;1020;0;440;0;497;0;0;0;40;0;0;0;590;0;0;0;14;0;84;0;19;0;0;0;4133;5063;0;0;0;101;0;228;0;2585;0;0;154;0;0;0;0;0;0;0
240;BY;Kulmbach;172449;122307;1225;1207;121082;121100;0;0;27587;26030;1996;4513;3616;4392;4845;6396;68903;63378;2212;2316;2013;2017;0;889;0;554;1430;856;0;0;0;31;0;0;1118;758;0;0;0;12;0;122;0;28;0;0;0;3829;4800;0;0;0;105;0;307;3533;3476;0;0;120;0;0;0;0;0;0;0
241;BY;Ansbach;243643;166555;1683;1458;164872;165097;0;0;38331;36690;7454;7619;6202;6368;9665;13771;87922;78640;3938;3276;2496;2008;0;1114;0;643;0;1848;0;0;204;123;0;0;1522;860;0;0;0;33;433;239;0;23;0;0;0;0;5950;0;0;0;177;0;351;6705;5208;0;0;156;0;0;0;0;0;0;0
242;BY;Erlangen;179506;135186;863;937;134323;134249;0;0;35377;32638;2990;7440;5611;5840;11980;15395;65151;55940;3216;3311;957;917;0;901;0;289;0;1144;0;0;0;51;0;0;569;507;0;0;0;26;0;126;0;45;0;0;0;4393;5590;0;0;0;70;0;222;4079;3684;0;0;113;0;0;0;0;0;0;0
243;BY;Fürth;253603;178211;1370;1504;176841;176707;0;0;47936;44485;3239;8251;7524;8816;14595;16126;86997;75595;4792;4148;2246;1739;0;1338;0;887;0;1374;0;0;0;78;0;0;0;772;0;0;0;30;0;185;0;70;0;0;0;5588;7824;0;0;0;132;0;305;3924;4335;0;0;217;0;0;0;0;0;0;0
244;BY;Nürnberg-Nord;193031;132674;1053;1027;131621;131647;0;0;41666;35310;3556;7150;8099;9311;13336;17444;51829;45748;4055;4221;1341;1061;0;1032;0;409;0;940;0;0;0;57;0;0;0;337;0;0;0;26;0;165;122;149;0;0;0;4417;5906;0;0;0;81;0;244;2134;1909;0;0;147;873;0;0;0;0;0;193
245;BY;Nürnberg-Süd;185799;121814;1157;1239;120657;120575;0;0;38942;34363;2192;5087;6038;6948;8165;9705;53519;48881;3056;2936;1701;1572;0;890;0;481;0;761;0;0;168;110;0;0;0;318;0;0;0;11;0;114;0;50;0;0;0;4498;5737;0;0;0;79;0;214;2378;2187;0;0;131;0;0;0;0;0;0;0
246;BY;Roth;226102;168765;1566;1312;167199;167453;0;0;46200;41107;5371;7467;6064;6394;11142;14247;84618;76181;4137;3252;2598;1471;0;1235;0;803;0;1095;0;0;0;68;0;0;0;560;0;0;0;18;0;180;0;24;0;0;0;0;6533;0;0;0;141;0;293;7069;6192;0;0;192;0;0;0;0;0;0;0
247;BY;Aschaffenburg;184171;131310;2410;1964;128900;129346;0;0;32308;28408;4199;7003;3641;4691;10284;11135;67591;61741;3314;2545;2173;1550;0;1098;0;739;1551;791;0;0;0;52;0;0;0;563;0;0;0;15;0;190;0;75;0;0;0;0;5263;0;0;0;156;0;263;3373;2902;0;0;166;0;0;0;0;0;0;466
248;BY;Bad Kissingen;217994;155355;1822;1733;153533;153622;0;0;30564;27931;4391;7342;6930;6946;12127;9874;88911;82760;3562;2980;2789;2018;0;919;0;884;0;1119;0;0;0;67;0;0;0;756;0;0;0;27;0;167;0;40;0;0;0;0;4988;0;0;0;125;0;311;4259;4129;0;0;239;0;0;0;0;0;0;0
249;BY;Main-Spessart;197762;143137;2024;1707;141113;141430;0;0;32812;30486;3632;6413;4426;4839;8810;9972;73001;69953;2822;2670;1360;1404;0;1119;1223;1001;0;915;0;0;330;151;0;0;0;525;0;0;0;31;0;167;0;25;0;0;0;4652;5583;0;0;0;90;0;301;8045;5619;0;0;166;0;0;0;0;0;0;0
250;BY;Schweinfurt;200150;141275;1713;1416;139562;139859;0;0;32190;28872;2921;5906;7514;6940;8052;9903;76548;71264;2994;2493;2042;1333;0;852;0;1118;1155;859;0;0;0;56;0;0;1532;828;0;0;0;23;0;114;0;52;0;0;0;0;4665;0;0;0;121;0;264;4614;4041;0;0;155;0;0;0;0;0;0;0
251;BY;Würzburg;226597;166593;1364;1322;165229;165271;0;0;42136;37225;5323;8485;5374;6637;16454;19311;80776;74187;4134;4014;1439;946;0;1136;0;1279;1903;1388;0;0;0;49;0;0;0;495;0;0;0;20;0;167;0;29;0;0;0;4831;6388;0;0;0;94;0;319;2859;2920;0;0;182;0;0;0;0;0;0;0
252;BY;Augsburg-Stadt;208231;133378;1354;1112;132024;132266;0;0;33145;29328;4511;6187;6408;7391;14568;13940;58622;57699;3508;3424;908;841;0;1012;844;641;0;1034;0;0;141;115;0;0;0;700;0;0;142;43;0;205;162;84;0;0;0;6301;7136;0;0;0;116;0;258;2764;1976;0;0;136;0;0;0;0;0;0;0
253;BY;Augsburg-Land;244203;176239;1600;1229;174639;175010;0;0;30879;30126;3974;8134;5177;5631;12067;12670;105841;93973;3550;3089;1840;1279;0;1384;0;1023;2665;1784;0;0;734;367;0;0;0;1580;0;0;0;29;0;221;0;42;0;0;0;7912;9040;0;0;0;151;0;390;0;3929;0;0;168;0;0;0;0;0;0;0
254;BY;Donau-Ries;189974;131055;1560;1297;129495;129758;0;0;22858;21616;3170;5824;5797;4260;8153;7773;78524;72065;0;1938;2342;1503;0;877;0;999;2899;1312;0;0;381;121;0;0;0;1144;0;0;0;12;0;214;0;26;0;0;0;0;5433;0;0;0;81;0;462;5371;3964;0;0;134;0;0;0;0;0;0;0
255;BY;Neu-Ulm;237651;161614;1697;1248;159917;160366;0;0;29420;29023;4377;7485;5546;5958;12505;10417;91961;84598;3085;2990;3009;2444;0;1187;0;580;2493;1732;0;0;0;57;0;0;0;986;0;0;0;39;0;185;0;46;0;0;0;7521;8986;0;0;0;139;0;355;0;2985;0;0;174;0;0;0;0;0;0;0
256;BY;Oberallgäu;224278;155635;1531;1084;154104;154551;0;0;26722;24776;5501;8749;5530;5574;13011;14329;93494;80902;3072;2431;0;861;0;1201;2236;1052;4127;2089;0;0;411;161;0;0;0;976;0;0;0;30;0;230;0;35;0;0;0;0;6695;0;0;0;99;0;290;0;3918;0;0;153;0;0;0;0;0;0;0
257;BY;Ostallgäu;244541;167668;1456;1328;166212;166340;0;0;25009;24971;2847;7677;4731;5270;10039;11785;99333;91664;3260;2904;0;1374;0;1103;0;587;3258;2593;0;0;0;42;0;0;4808;2913;0;0;0;28;0;199;0;30;0;0;0;6842;7991;0;0;0;114;0;382;5425;4537;0;0;176;0;0;0;0;0;0;660
909;BY;Land;9472738;6633726;62423;52971;6571303;6580755;0;0;1443710;1314009;183259;334158;225218;248920;505800;552818;3544079;3243569;131872;127934;59721;56737;0;46937;8235;27457;84583;68365;0;0;2747;3032;0;0;28430;57395;0;0;1519;1375;1087;8211;448;1757;0;0;0;146714;283570;0;0;735;4874;0;12148;192702;180649;0;339;6840;2260;0;0;0;0;290;7555
258;BW;Stuttgart I;191191;152546;1298;1046;151248;151500;63465;56794;25050;31766;3894;12548;5824;9432;41522;26534;0;0;3315;4338;673;506;0;860;0;224;697;528;0;0;0;0;0;258;0;0;0;170;161;79;0;0;0;103;0;141;0;4151;6281;0;136;0;66;0;0;864;645;0;0;91;0;0;0;0;0;0;1632
259;BW;Stuttgart II;183064;134355;1520;1314;132835;133041;58222;52323;34690;30469;3594;8920;6633;8902;18505;18341;0;0;3064;3460;1074;799;0;846;0;479;0;382;0;0;0;0;0;367;0;0;0;135;121;44;0;0;281;219;0;153;0;4497;6047;0;255;0;84;0;0;1203;732;0;0;84;0;0;0;0;0;0;951
260;BW;Böblingen;241596;186565;2356;1846;184209;184719;99752;86453;43803;37047;6352;13170;7473;8080;17245;19091;0;0;4393;4060;2525;1707;0;1295;0;555;0;518;0;0;0;0;0;325;0;0;0;587;0;85;0;0;301;162;0;448;0;0;9432;0;184;0;160;0;0;2365;1249;0;0;111;0;0;0;0;0;0;0
261;BW;Esslingen;166975;129700;1275;1164;128425;128536;65825;57598;32379;28205;2474;7859;4788;5862;14236;15483;0;0;2936;2871;912;880;0;1110;1004;873;0;302;0;0;0;0;0;245;0;0;0;165;0;18;0;0;0;111;0;152;0;3871;5835;0;143;0;88;0;0;0;647;0;0;89;0;0;0;0;0;0;0
262;BW;Nürtingen;205756;160053;1680;1627;158373;158426;80710;72844;40013;31499;3997;10880;5205;6533;15685;18435;0;0;3238;3602;1201;1181;0;1233;2127;1744;0;476;0;0;0;0;0;387;0;0;0;370;0;10;0;0;0;59;0;320;0;5055;7599;0;112;0;128;0;0;1142;915;0;0;99;0;0;0;0;0;0;0
263;BW;Göppingen;179130;132632;1921;1529;130711;131103;64095;60058;31646;28435;4393;7646;4710;5569;14010;13275;0;0;2557;2629;1813;1599;0;1000;0;552;596;403;0;0;0;0;0;289;0;0;0;240;0;17;0;0;0;67;0;198;0;6891;8259;0;129;0;93;0;0;0;530;0;0;115;0;0;0;0;0;0;0
264;BW;Waiblingen;221739;171509;2110;1650;169399;169859;87082;77461;38908;34086;6354;13327;6211;7663;17838;17511;0;0;3739;3583;2244;1783;0;1359;0;665;0;577;0;0;0;0;0;640;0;0;0;625;0;16;520;0;0;116;0;399;0;6503;9160;0;102;0;104;0;0;0;564;0;0;118;0;0;0;0;0;0;0
265;BW;Ludwigsburg;215500;167399;2298;1570;165101;165829;83591;73263;34850;35099;5275;11486;7887;7748;22171;19364;0;0;4438;3640;2307;1395;0;1138;0;574;1145;572;0;0;0;0;0;513;0;0;0;360;0;21;0;0;4;121;0;210;0;0;8481;0;138;0;143;0;0;3433;1422;0;0;141;0;0;0;0;0;0;0
266;BW;Neckar-Zaber;226751;177134;2854;1876;174280;175258;92693;79372;45962;36849;5404;11799;7697;7271;16474;18551;0;0;0;3810;3442;1921;0;1350;0;738;2608;705;0;0;0;0;0;645;0;0;0;474;0;79;0;0;0;86;0;299;0;0;9703;0;186;0;190;0;0;0;1051;0;0;179;0;0;0;0;0;0;0
267;BW;Heilbronn;241656;173772;2885;2182;170887;171590;87777;78544;46231;37933;6178;10927;7554;8138;12771;14662;0;0;4599;3789;3905;2672;0;1250;0;715;1469;731;0;0;0;0;0;544;0;0;0;432;0;28;0;0;403;126;0;308;0;0;9271;0;322;0;261;0;0;0;771;0;0;166;0;0;0;0;0;0;0
268;BW;Schwäbisch Hall – Hohenlohe;224384;158389;2624;2156;155765;156233;81427;72835;35728;31230;6128;10355;6626;7535;15569;15641;0;0;4226;3371;3184;2119;0;1143;0;597;2877;1188;0;0;0;0;0;442;0;0;0;574;0;23;0;0;0;81;0;278;0;0;7799;0;94;0;146;0;0;0;608;0;0;174;0;0;0;0;0;0;0
269;BW;Backnang – Schwäbisch Gmünd;175434;130255;2468;1647;127787;128608;70748;62236;31673;26198;3541;7420;5079;5454;10439;11657;0;0;3856;2761;2451;1587;0;1011;0;547;0;424;0;0;0;0;0;402;0;0;0;514;0;29;0;0;0;76;0;245;0;0;7268;0;55;0;122;0;0;0;433;0;0;169;0;0;0;0;0;0;0
270;BW;Aalen – Heidenheim;222959;162969;2859;2036;160110;160933;92293;79409;39464;35861;2857;7267;7929;7483;12402;13532;0;0;4934;3118;0;2166;0;1010;0;983;0;655;0;0;0;0;0;450;0;0;0;324;0;16;0;0;0;49;0;282;0;0;7255;0;96;0;161;0;0;0;692;0;0;124;0;0;0;0;231;0;0
271;BW;Karlsruhe-Stadt;205735;150050;1939;1444;148111;148606;58452;55791;43866;33785;4714;8978;7254;8933;20337;22263;0;0;5149;6009;912;853;0;1111;452;352;0;423;0;0;0;0;0;250;0;0;0;205;0;34;0;0;0;93;0;185;0;5983;8334;0;77;0;90;0;0;992;724;0;0;116;0;0;0;0;0;0;0
272;BW;Karlsruhe-Land;209733;159992;2737;1887;157255;158105;83848;73805;40735;33416;4490;9553;5896;6461;12298;15175;0;0;4374;3761;1853;1301;0;1278;1224;730;0;346;0;0;0;0;0;386;0;0;0;491;0;16;0;0;0;41;0;258;0;0;9473;0;62;0;196;0;0;2537;1205;0;0;151;0;0;0;0;0;0;0
273;BW;Rastatt;207555;148159;2513;2202;145646;145957;77850;71752;33482;30043;4527;8436;5073;6055;12233;13223;0;0;3058;2906;1642;1409;0;1076;0;376;0;280;0;0;0;0;0;380;0;0;0;174;0;12;0;0;0;54;0;329;0;7021;8397;0;46;0;121;0;0;0;751;0;0;137;0;0;0;0;0;0;760
274;BW;Heidelberg;215943;168177;1858;1771;166319;166406;68061;62331;50850;38915;5180;11626;6892;9413;20392;24601;0;0;3430;4581;1210;1136;0;1187;0;268;663;405;0;0;0;0;0;289;0;0;0;145;0;10;0;0;0;44;0;188;0;8143;10219;0;85;0;76;0;0;776;766;0;0;121;722;0;0;0;0;0;0
275;BW;Mannheim;198525;137796;2629;2052;135167;135744;53819;47598;43736;37367;3772;7427;8951;10227;16544;15047;0;0;4606;4287;2514;1585;0;1378;0;514;0;278;0;0;0;0;0;497;0;0;0;162;0;27;0;0;270;120;0;277;0;0;8148;0;104;0;136;0;0;0;465;0;0;100;955;0;0;0;0;0;0
276;BW;Odenwald – Tauber;213424;155585;2300;2339;153285;153246;90624;79516;32696;30269;2807;7956;5158;6379;9019;10984;0;0;2968;3049;2177;2023;0;1199;0;615;1556;1030;0;0;0;0;0;386;0;0;0;213;0;24;0;0;0;34;0;299;0;6280;7994;0;75;0;149;0;0;0;911;0;0;141;0;0;0;0;0;0;0
277;BW;Rhein-Neckar;197424;147782;2228;2035;145554;145747;72271;63876;37724;32456;3709;9444;5824;6959;12031;13912;0;0;3866;3909;2040;1936;0;1255;655;591;759;421;0;0;0;0;0;342;0;0;0;264;0;18;0;0;0;36;0;267;0;6675;8786;0;72;0;125;0;0;0;932;0;0;146;0;0;0;0;0;0;0
278;BW;Bruchsal – Schwetzingen;195953;145107;2468;2072;142639;143035;73944;66656;35252;30861;3966;8133;5345;6357;9678;11696;0;0;3396;3556;1716;1628;0;1416;1261;1042;0;278;0;0;0;0;0;418;0;0;0;164;0;22;0;0;0;42;0;272;0;6277;8700;0;89;0;168;0;0;1804;1364;0;0;173;0;0;0;0;0;0;0
279;BW;Pforzheim;219976;159491;2294;2095;157197;157396;77737;70997;36059;31788;9064;11171;6435;7248;12539;14081;0;0;3457;3405;2502;2125;0;1324;0;613;0;389;0;0;0;0;0;460;0;0;0;598;0;15;0;0;0;38;0;317;0;8045;11379;0;98;0;176;0;0;1359;1014;0;0;160;0;0;0;0;0;0;0
280;BW;Calw;197679;145151;2442;1881;142709;143270;83514;73263;28892;25285;4072;9194;6094;5948;10036;10946;0;0;3038;2642;2107;1689;0;995;1522;904;1164;524;0;0;0;0;0;410;0;0;0;796;0;21;0;0;0;39;0;257;0;0;9013;0;88;0;122;0;0;2270;1017;0;0;117;0;0;0;0;0;0;0
281;BW;Freiburg;219472;168260;1726;1681;166534;166579;58106;59007;50004;36791;3182;8059;8083;13105;34762;33044;0;0;3829;4973;950;784;0;1465;0;282;0;642;0;0;0;0;0;363;0;0;0;329;0;21;452;0;0;77;0;261;0;4207;6384;0;52;0;88;0;0;1111;732;0;0;120;0;0;0;0;0;0;1848
282;BW;Lörrach – Müllheim;229316;164341;2298;2139;162043;162202;81205;70888;39902;35328;3856;9159;6305;7856;19468;20593;0;0;3747;3594;1741;1412;0;1393;0;589;0;410;0;0;0;0;0;457;0;0;0;590;0;24;0;0;0;50;0;514;0;5819;8267;0;70;0;119;0;0;0;738;0;0;151;0;0;0;0;0;0;0
283;BW;Emmendingen – Lahr;215623;153869;3254;2600;150615;151269;78797;69272;39772;32131;2742;7749;7002;7016;17368;18293;0;0;0;3667;1928;1176;0;1490;0;413;3006;1087;0;0;0;0;0;371;0;0;0;397;0;26;0;0;0;29;0;363;0;0;6823;0;33;0;101;0;0;0;710;0;0;122;0;0;0;0;0;0;0
284;BW;Offenburg;205119;145259;2386;2437;142873;142822;80083;68973;28862;27448;3063;8140;6083;6762;14111;15311;0;0;2836;3028;1471;1318;0;1244;0;334;0;350;0;0;0;0;0;311;0;0;0;218;0;14;0;0;0;32;0;332;0;5563;7743;0;24;0;79;0;0;801;852;0;0;309;0;0;0;0;0;0;0
285;BW;Rottweil – Tuttlingen;199241;143449;2519;2281;140930;141168;81517;72998;25044;24757;4714;9025;5290;5601;10546;10385;0;0;0;2582;2296;2080;0;968;0;413;2419;1250;0;0;0;0;0;418;0;0;0;361;0;27;0;0;0;29;0;353;0;7112;8214;0;54;0;99;0;0;1992;1383;0;0;171;0;0;0;0;0;0;0
286;BW;Schwarzwald-Baar;166191;119181;1815;1836;117366;117345;66505;57912;22211;22414;2946;6933;4144;4860;8984;10613;0;0;0;2260;1963;1737;0;926;0;208;586;375;0;0;0;0;0;339;0;0;0;453;0;17;0;0;0;57;0;229;0;4603;6697;0;37;0;76;0;0;1845;1084;0;0;118;0;0;0;0;0;0;3579
287;BW;Konstanz;202393;147557;1907;1741;145650;145816;75524;63563;27956;29504;5476;10735;5980;7295;19322;18446;0;0;3198;3190;1237;1116;0;1180;0;199;1105;661;0;0;0;0;0;335;0;0;0;230;0;20;0;0;0;43;0;384;0;5852;8027;0;49;0;89;0;0;0;649;0;0;101;0;0;0;0;0;0;0
288;BW;Waldshut;177313;128808;2367;1772;126441;127036;65009;62610;35359;24130;4184;7307;5613;5482;12768;13987;0;0;0;2335;1694;947;0;876;0;635;1814;683;0;0;0;0;0;314;0;0;0;228;0;21;0;0;0;30;0;344;0;0;5979;0;46;0;97;0;0;0;890;0;0;95;0;0;0;0;0;0;0
289;BW;Reutlingen;199091;150014;1883;1992;148131;148022;76870;68394;29859;28558;5665;10441;5966;7089;18399;16195;0;0;0;3267;1764;1517;0;962;0;543;794;505;0;0;0;0;0;346;0;0;0;314;0;23;0;0;296;139;0;324;0;6435;8245;0;71;0;104;0;0;1119;875;0;0;110;0;0;0;0;0;0;964
290;BW;Tübingen;193188;149768;1789;1487;147979;148281;69354;61889;30160;30417;3358;8208;9589;9820;24477;21978;0;0;4402;3979;1558;1297;0;1053;0;439;0;589;0;0;0;0;0;276;0;0;0;340;0;30;0;0;0;95;0;267;0;5081;6815;0;73;0;94;0;0;0;509;0;0;113;0;0;0;0;0;0;0
291;BW;Ulm;220702;167199;2153;1731;165046;165468;85984;80370;39321;33432;4371;8662;6012;7087;16041;17023;0;0;4320;4075;0;1747;0;1158;0;553;0;724;0;0;0;0;0;422;0;0;0;344;0;46;0;0;0;114;0;342;0;5989;7839;0;95;0;147;0;0;1660;1147;0;0;141;0;0;0;0;0;0;1348
292;BW;Biberach;163772;121718;2131;1630;119587;120088;70540;67567;23786;17814;2567;5851;4013;4075;10754;10887;0;0;3411;2503;0;1062;0;825;0;599;1958;1166;0;0;0;0;0;316;0;0;0;209;0;28;0;0;0;20;0;273;0;0;5072;0;66;0;105;0;0;2558;1516;0;0;134;0;0;0;0;0;0;0
293;BW;Bodensee;171016;128696;1930;1487;126766;127209;68333;61961;26105;23125;4955;8086;5749;5629;14224;14955;0;0;2825;2594;1594;1091;0;950;0;303;1415;902;0;0;0;0;0;254;0;0;0;163;0;21;0;0;0;51;0;362;0;0;5689;0;37;0;75;0;0;1566;863;0;0;98;0;0;0;0;0;0;0
294;BW;Ravensburg;185006;135877;1630;1371;134247;134506;69312;67251;26909;23266;3320;7047;4424;5770;18298;16571;0;0;2761;2837;1252;1164;0;951;0;418;2782;1982;0;0;0;0;0;297;0;0;0;231;0;23;0;0;0;60;0;320;0;3674;5200;0;29;0;85;0;0;1192;901;0;0;103;0;0;0;0;0;0;323
295;BW;Zollernalb – Sigmaringen;184370;132905;2714;1844;130191;131061;78966;69176;23684;22447;3069;7393;5460;5359;10802;11008;0;0;0;2746;2756;1854;0;1012;0;668;1194;543;0;0;0;0;0;328;0;0;0;289;0;37;0;0;544;198;0;282;0;0;6161;0;45;0;132;0;0;3716;1222;0;0;161;0;0;0;0;0;0;0
908;BW;Land;7689895;5711469;84058;69450;5627411;5642019;2873905;2576606;1332623;1160424;164210;348317;236251;272456;614298;623294;0;0;113966;130767;66608;56302;0;43277;8245;21847;30607;23704;0;0;0;0;0;14472;0;0;0;12878;282;1042;972;0;2099;2941;0;11032;0;133727;295988;0;3529;0;4595;0;0;36305;33479;0;0;5069;1677;0;0;0;231;0;11405
296;SL;Saarbrücken;204905;142400;3349;3065;139051;139335;51324;46513;50286;43329;2410;6246;15202;16268;7422;10910;0;0;3904;4110;2550;2582;0;0;0;0;0;0;0;1560;0;0;0;0;0;0;0;0;0;0;0;0;267;160;0;0;0;5686;6575;0;0;0;233;0;0;0;849;0;0;0;0;0;0;0;0;0;0
297;SL;Saarlouis;211529;154287;4360;4357;149927;149930;66694;60052;52303;46037;1872;5480;10936;13458;5577;7873;0;0;3652;3739;2475;2610;0;0;0;0;0;0;0;1653;0;0;0;0;0;0;0;0;0;0;0;0;0;71;0;0;0;6418;7645;0;0;0;237;0;0;0;1075;0;0;0;0;0;0;0;0;0;0
298;SL;St. Wendel;181521;138097;4041;3904;134056;134193;60865;54911;44868;40861;2221;4514;10247;12139;3793;6088;0;0;3035;3391;1975;2062;0;0;0;0;0;0;0;1858;0;0;0;0;0;0;0;0;0;0;0;0;0;58;0;0;0;6365;7287;0;0;0;214;0;0;0;810;0;687;0;0;0;0;0;0;0;0
299;SL;Homburg;198117;142644;3729;3542;138915;139102;55250;50892;52266;44365;1890;5266;12592;14180;4954;7127;0;0;3289;3453;2231;2437;0;0;0;0;0;0;0;2378;0;0;0;0;0;0;0;0;0;0;0;0;0;72;0;0;0;6443;7784;0;0;0;218;0;0;0;930;0;0;0;0;0;0;0;0;0;0
910;SL;Land;796072;577428;15479;14868;561949;562560;234133;212368;199723;174592;8393;21506;48977;56045;21746;31998;0;0;13880;14693;9231;9691;0;0;0;0;0;0;0;7449;0;0;0;0;0;0;0;0;0;0;0;0;267;361;0;0;0;24912;29291;0;0;0;902;0;0;0;3664;0;687;0;0;0;0;0;0;0;0
999;Bund;Insgesamt;61946900;44309925;684883;583069;43625042;43726856;16233642;14921877;12843458;11252215;1028645;2083533;3585178;3755699;3180299;3694057;3544079;3243569;963623;959177;635135;560828;4437;140366;27299;91193;128209;127088;4478;7449;5324;8578;920;25134;28430;57395;2081;18542;17988;12814;2516;8211;12904;24219;1748;28654;4564;810915;2056985;2680;17743;4815;73854;2245;12148;431640;423977;11349;3861;24719;39388;78674;624;1431;1699;290;77306
